author,bvid,title,play,video_review,favorites,review,date
观察者网,BV1as411b7gb,美国小男孩接受采访时表示：去他妈的总统,12660656,5600,52441,10704,1484942583
环球时报,BV19x41167pk,美国把中国列入人口贩卖最严重国家之一 外交部：勿对别国说三道四,1273330,7848,3452,8921,1498640422
观察者网,BV1Dx411r7Zc,对特朗普不满的，还有霍金,536259,420,2800,3207,1490074097
湘潭吴彦祖c,BV1Bs41187kf,"告诉你什么叫智商碾压！支持<em class=""keyword"">川普</em>的美国黑人大叔以一敌百、舌战群白左！",942001,5612,11057,2675,1486120807
观察者网,BV1rx411D7dV,"<em class=""keyword"">特朗普</em>：中国对我们辣么好 你们假新闻良心不会痛吗！",2867718,5908,13529,2603,1492575731
观察者网,BV1bx411e7tR,"【退群！】<em class=""keyword"">特朗普</em>宣布美国退出巴黎气候协定",115523,752,749,2174,1496367942
观察者网,BV1sx411e72q,没事你退吧，气候问题大权就给中国好了,509967,924,1619,1723,1496317977
观察者网,BV1Jx411Y7dv,"面对台下50名伊斯兰国家领袖，<em class=""keyword"">特朗普</em>说了几句话",638715,3336,3691,1691,1495443289
观察者网,BV1Jx411Y7dv,面对台下50名伊斯兰国家领袖，特朗普说了几句话,638715,3336,3691,1691,1495443289
观察者网,BV1kx41117uH,我老川话就搁这儿了，禁穆令是常识！常识懂不？！,200324,237,834,1592,1486526060
环球时报,BV1Ex411v7pk,"普京：美国已经神经病了！拉夫罗夫，<em class=""keyword"">川普</em>给你的机密怎么不给我？！",4163517,1922,11857,1340,1495090940
环球时报,BV1Ex411v7pk,普京：美国已经神经病了！拉夫罗夫，川普给你的机密怎么不给我？！,4163517,1922,11857,1340,1495090940
观察者网,BV1ix411Y7iW,"在喜气洋洋的气氛中，<em class=""keyword"">特朗普</em>开始讨债了",1404132,3235,7413,1309,1495782209
爱毛妹学编程,BV1Ex411a7AT,俄罗斯女生到中国后很吃惊，中国人对普京的喜爱快超过他们本国了(￣▽￣)~,2128639,2804,4546,1258,1496713408
张召忠,BV1Us41187UB,"张召忠说35：<em class=""keyword"">特朗普</em>和军火商杠上了，F-35生死未卜？",243085,8173,647,1197,1483720662
环球时报,BV1ix411Y7Jj,特朗普：我才是老大！随时随地都要站center位！,1687549,1182,6809,1161,1495784361
观察者网,BV1hx411a7UY,"伦敦市长回击：不允许<em class=""keyword"">特朗普</em>分裂英国族群！",61406,226,217,1149,1496735107
观察者网,BV1as411b7r1,"【全网首发】<em class=""keyword"">特朗普</em>就职演讲双语熟肉",163860,4604,4730,1146,1484940450
观察者网,BV1as411b7r1,【全网首发】特朗普就职演讲双语熟肉,163860,4604,4730,1146,1484940450
张召忠,BV1Zx411k7eY,张召忠说41：特朗普画风突变大逆袭，修“长城”居然一呼百应？,220498,4986,579,1137,1488617689
张召忠,BV13x411m71w,"张召忠说50：	美国往朝鲜半岛派了个无敌舰队，<em class=""keyword"">特朗普</em>说比航母要厉害（百年潜艇）",153417,2903,388,1055,1493995504
观察者网,BV1Zx411Y7wp,见完特朗普，默克尔：德美互信已不再,206760,430,674,1029,1496023592
观察者网,BV1hs411b74K,"那些抗议<em class=""keyword"">特朗普</em>的人，真的知道自己在抗议什么吗？",409790,1174,1403,1017,1485079264
环球时报,BV1fx411h75k,"<em class=""keyword"">特朗普</em>宣布退出巴黎气候协议的8分钟演讲",65221,850,825,960,1496386962
共青团中央,BV1ts411b7kc,"观海走了，<em class=""keyword"">川普</em>来了，美国皿煮，往后咋煮？",119046,551,946,953,1485054088
观察者网,BV1Vs411h7Go,马云见特朗普 承诺为美国提供100万就业岗位,644279,919,2500,953,1484019927
柚子木字幕组,BV1xs41187rv,【TopTrending】5种可能导致世界毁灭的方式 @柚子木字幕组,130799,2142,1396,951,1485782212
环球时报,BV1Qx411S7mB,今天，美英俄拉着中国上演了一出琼瑶剧,1044539,4631,16843,939,1492093196
不良视号,BV1Dx411Q7Ha,特朗普公开喊话奥巴马“你被炒了”选民欢呼 - YouTube,1108310,1331,4148,927,1491450009
天下谈军SQ,BV1Vs41187nZ,"你以为<em class=""keyword"">川普</em>的边境墙只是防止墨西哥人偷渡么？",114610,142,332,908,1485566266
观察者网,BV1as411b7eW,"<em class=""keyword"">特朗普</em>登基宣誓就职！",476255,230,2759,907,1484934317
观察者网,BV1ws411a71Y,"北京大仙为<em class=""keyword"">特朗普</em>算命：命犯小人",260526,216,1475,874,1484817574
观察者网,BV1ws41187WK,说建墙，就建墙,63136,520,345,870,1485393981
环球时报,BV1yx41117Y8,美国12岁男孩因头戴特朗普应援帽被殴打,264005,142,656,845,1486547801
环球时报,BV1fx411h7sU,【美国退出巴黎协议后的各方反应】马克龙：让地球再次伟大起来！！！,109572,802,672,808,1496388947
环球时报,BV17x411Y7kQ,川普粉丝闹到中国来了！因在上海闹事而被美联航赶下飞机,226284,195,661,802,1495547101
环球时报,BV17x411Y7kQ,川普粉丝闹到中国来了！因在上海闹事而被美联航赶下飞机,226284,195,661,802,1495547101
观察者网,BV1mx411Q7jj,美国终于对叙利亚政府军下手了,30461,276,145,792,1491533956
共青团中央,BV13x41127Cn,"《防务新观察》 20170211 安倍赴美“朝贡” 想从<em class=""keyword"">特朗普</em>那里捞取什么？",43214,1841,358,789,1486903943
环球时报,BV1zx41127oV,女子反特朗普抗议遭黑人小哥碾压 无力回击默默溜走,237589,377,2250,754,1487155508
观察者网,BV19x411U7js,你谁啦，谁要和你通电话啦,371484,1306,1885,733,1493352706
Epicurus_,BV1gs411873p,"<em class=""keyword"">特朗普</em>又打电话骚扰奥巴马了，这对话全程高能。",2244100,1631,26114,731,1485677109
bili_9904467,BV1Lx41127UJ,"街头采访美国小孩如何评价<em class=""keyword"">川普</em>",1963767,4503,22170,724,1486812292
环球时报,BV1ex411U7oX,"<em class=""keyword"">特朗普</em>：一不小心说出了大实话，美滋滋~",537543,682,1936,722,1493100202
环球时报,BV1ex411U7oX,特朗普：一不小心说出了大实话，美滋滋~,537543,682,1936,722,1493100202
环球时报,BV1Fx411h7hZ,特朗普谈国会议员遭枪击：人人都有爱国心,50081,262,227,722,1497514171
观察者网,BV1cx411r76q,美国总统特朗普啊，他喜形于色得像个500斤的孩子…,107922,690,840,709,1498817578
环球时报,BV1ax411a7QW,马克龙号召美国各州：别听联邦政府的！继续执行巴黎协定！,76622,275,354,708,1496743940
柚子木字幕组,BV1As41187RS,"伦敦抗议<em class=""keyword"">川普</em>游行现场 Lily Allen翻唱Rufus Wainwright-Going To A Town @柚子木",41644,460,798,707,1485406859
观察者网,BV1zx41167LP,"自己坐实自己搞假新闻……CNN高级制片人亲口承认：<em class=""keyword"">特朗普</em>通俄纯属无稽之谈",64764,452,854,703,1498619019
环球时报,BV1ax411D7eQ,买美国货！僱美国人！特朗普签署新行政令,32426,265,219,692,1492593099
环球时报,BV1ax411D7eQ,买美国货！僱美国人！特朗普签署新行政令,32426,265,219,692,1492593099
观察者网,BV15x411a7J5,【中英全程】普京接受梅根凯利专访……问题么还是那个问题，但某大帝的嘴炮还真不重样,101276,1485,1884,690,1496663263
环球时报,BV17x411m7JY,美国众议院通过特朗普医改法案 民主党与共和党冰火两重天,35870,576,289,685,1493972234
环球时报,BV17x411m7JY,美国众议院通过特朗普医改法案 民主党与共和党冰火两重天,35870,576,289,685,1493972234
环球时报,BV1qx411h7M5,"从朝鲜获释美大学生死亡 <em class=""keyword"">特朗普</em>：至少我们把他接回了家",663386,269,2286,684,1498008110
观察者网,BV1Kx411U7zF,话说你们有没有发现，星条旗似乎一直在试图告诉人们些什么……（暗中观察,505371,292,2698,677,1492660155
环球时报,BV15x411a7qG,CNN摆拍视频曝光引热议,51483,258,338,653,1496660690
张召忠,BV1ax411r71j,张召忠说43： 美国总统空降福特号，下一艘航母是不是要叫“特朗普”号？,174067,4322,463,639,1489828650
殷恶小文,BV15s411873X,马云对特朗普说：不是中国偷了美国的就业 是你们玩儿砸了,969038,1135,3680,615,1485598365
观察者网,BV18x41167rn,死亡之握终极对决终于来了！,963825,695,3242,615,1498526603
环球时报,BV19x41167WK,CNN制片总监爆料：为了收视率全是假新闻...,31129,249,452,611,1498640757
环球时报,BV1Qx411873v,"一片祥和~<em class=""keyword"">特朗普</em>的首次内阁会议成了“<em class=""keyword"">特朗普</em>表彰大会”",91294,353,969,607,1497410577
环球时报,BV1Tx411Q7DB,"欧盟委员会主席容克警告<em class=""keyword"">特朗普</em>：你再鼓吹脱欧，我就推动德州独立！",471964,347,1002,606,1490962806
环球时报,BV1Tx411Q7DB,欧盟委员会主席容克警告特朗普：你再鼓吹脱欧，我就推动德州独立！,471964,347,1002,606,1490962806
趣味科谱,BV1Px411D7Zp,特朗普奥巴马之间的差异,310033,863,1257,600,1492252347
观察者网,BV19x41167Yg,从来没见过一国总统和另一国总理打电话，打着打着撩上记者的……（唐大宝宝今天心情不错啊|ω·｀),1534900,282,4332,597,1498641612
观察者网,BV1Cx41117xS,"美国12岁男孩因头戴<em class=""keyword"">特朗普</em>应援帽 遭同学辱骂和殴打",35094,99,130,595,1486533760
环球时报,BV1Nx411v7dm,白宫: 勒索病毒的代码不是由美国国家安全局的工具开发出来的,55905,145,307,591,1494925059
柚子木字幕组,BV1Kx411D7Mj,"【社会实验】<em class=""keyword"">特朗普</em>集会上的纳粹份子  <em class=""keyword"">特朗普</em>支持者是纳粹吗？@柚子木字幕组",149113,433,727,583,1492297698
观察者网,BV1Lx411Y7sy,首位参观哭墙的在任美国总统 是他是他就是他,433405,684,1305,581,1495510533
环球时报,BV1xx411e7A2,"白宫：<em class=""keyword"">特朗普</em>即将宣布美国是否退出《巴黎协定》",28161,150,138,580,1496312424
观察者网,BV1Qs411b7xR,美国正式宣布退出TPP，安倍首作回应,79606,222,213,574,1485250023
北斗杏,BV12x411U7e8,"奥巴马和<em class=""keyword"">川普</em>的区别，普京大大的神情也是满分",271940,1500,1950,572,1493128279
观察者网,BV1Ex411v75V,啊没有一点点防备…就被这位70来岁的老人灌了一碗浓鸡汤,387489,864,8593,567,1495089301
坚贞不渝林徽因,BV1ax411e7F6,美国达人秀上，美国总统特朗普模仿者登台表演，引发全场高呼！,2491831,2546,17572,556,1496276233
观察者网,BV1mx411h79M,说修墙，这次神奇如唐大宝宝，也是超常发挥了……,57475,781,311,551,1498124015
环球时报,BV1fx411Q7B5,安倍晋三：对美国打击叙利亚的决心 日本给予全力支持,42269,692,148,546,1491576305
环球时报,BV1yx411S7X9,白宫发言人谈化武事件时失言：连希特勒都没用过化武,47208,370,320,541,1491993392
环球时报,BV1yx411S7X9,白宫发言人谈化武事件时失言：连希特勒都没用过化武,47208,370,320,541,1491993392
观察者网,BV1Wx41117RD,"普京是杀手？看<em class=""keyword"">川普</em>怎么怼回去",249492,182,2111,535,1486288816
观察者网,BV1Wx41117RD,普京是杀手？看川普怎么怼回去,249492,182,2111,535,1486288816
观察者网,BV1rx41167PN,CNN报道了白宫称CNN是新闻界之耻的新闻,203515,387,679,529,1498624555
观察者网,BV1zx411y7i4,"【预言家<em class=""keyword"">特朗普</em>】瑞典真的骚乱了……",46867,171,269,526,1487741340
观察者网,BV1wx41127KV,【安倍觐见川总】啊 这措手不及的温柔,93603,271,1201,525,1486779105
撒牌哥,BV1Yx41117gk,奥巴马把礼物扔了,1558548,172,3989,518,1486396580
观察者网,BV1Rx41187uL,【观天下讲坛第六期】问答篇（有字幕哟）,46521,785,869,513,1497575745
环球时报,BV11s411b7Eo,“来自东方的神秘力量”风靡海外,1221805,1140,4589,506,1485161015
观察者网,BV1Qx4116769,"看看那些在<em class=""keyword"">特朗普</em>推特下狂留言的“网红”们……",36346,396,262,506,1498735082
环球时报,BV11s411b7Eo,“来自东方的神秘力量”风靡海外,1221805,1140,4589,506,1485161015
观察者网,BV1Qx4116769,看看那些在特朗普推特下狂留言的“网红”们……,36346,396,262,506,1498735082
TrackerS创客空间,BV1ux411Y7Fo,"【TrackerS】价值17亿的世界第一豪宅, 超越比尔盖茨, 极致奢华超乎想象",351402,790,4267,500,1497252900
环球时报,BV1yx411279w,美军司令突然谦虚，说美军无法与中国抗衡？原来打的这种算盘~,38425,428,140,498,1493690964
环球时报,BV1qx411Q7bL,伊万卡：时间能证明我父亲的政权是成功的,339680,258,1249,492,1491386958
环球时报,BV1qx411Q7bL,伊万卡：时间能证明我父亲的政权是成功的,339680,258,1249,492,1491386958
环球时报,BV14x411Y7ek,美国中情局前局长：可以确定俄罗斯干涉了美国大选,30462,195,193,485,1495678264
张召忠,BV1Fx41117Ze,"张召忠说40 终于坐上空军一号，<em class=""keyword"">特朗普</em>要上天！",169496,5192,464,483,1488172627
观察者网,BV1hs41187ER,听说喊特朗普“爸爸”的人要来演讲，美一高校就…,37609,213,189,478,1486027212
观察者网,BV1Kx41167YD,约翰尼·德普说，是时候刺杀特朗普了……,46144,275,330,472,1498190413
观察者网,BV1ux411Y7ds,当着老大的面问我交保护费有没有不爽……我@#￥%@￥@Q#$,107261,598,678,470,1497164528
张召忠,BV16x411k7P6,局座时评90：特朗普有精神病？炫富又哭穷的美军有话说！（2017.3.2）,152589,2178,362,460,1488522949
观察者网,BV1Kx411r7QJ,特朗普推特又惹事啦 看女发言人如何回怼记者,89917,235,478,450,1498790847
环球时报,BV1ex411D7aG,美副总统访日在航母上演讲：美军会奉献出所有军事力量来保护日本,22890,187,142,448,1492600362
环球时报,BV1cx411m7M8,弃用隔离墙 白宫发言人向众人展示川普坚硬的“铁栅栏”,60209,348,233,447,1493894997
环球时报,BV1cx411m7M8,弃用隔离墙 白宫发言人向众人展示川普坚硬的“铁栅栏”,60209,348,233,447,1493894997
环球时报,BV11x41167wC,"美国最高法院允许<em class=""keyword"">特朗普</em>旅行禁令部分生效",19925,84,90,443,1498552128
观察者网,BV11x41117Xm,英下议院议长：特朗普你不许在议会演讲！,843236,761,5533,425,1486439698
观察者网,BV1Zx41117Gf,特朗普怒了 不许你们欺负伊万卡！！,124305,197,487,422,1486612654
观察者网,BV1Ux411m7te,"气候问题上，马克龙大战<em class=""keyword"">特朗普</em>",23265,198,258,421,1494315672
观察者网,BV1Ux411m7te,气候问题上，马克龙大战特朗普,23265,198,258,421,1494315672
中年的宅女,BV1Lx411m7cb,"【高能开黑版】外国人看<em class=""keyword"">川普</em>says中国remix reaction",1550133,2017,6865,419,1494050739
最帅的老外,BV1bx41117kw,特朗普版小拳拳捶你胸口，最帅老外要逆天！,101367,820,746,397,1486220897
最帅的老外,BV1bx41117kw,特朗普版小拳拳捶你胸口，最帅老外要逆天！,101367,820,746,397,1486220897
共青团中央,BV1tx411y734,"<em class=""keyword"">特朗普</em>要求俄罗斯归还克里米亚《防务新观察》 20170219",34709,1367,222,395,1487570162
1976046293,BV1yx411r7qX,16岁黑人男孩川普支持者街头大战黑命贵大叔,197940,878,1039,393,1489855909
1976046293,BV1yx411r7qX,16岁黑人男孩川普支持者街头大战黑命贵大叔,197940,878,1039,393,1489855909
观察者网,BV1vx411Y7W5,握手居然输给了马克龙？特朗普我对你太失望了！,331853,206,1421,389,1495767366
环球时报,BV1qx411h7Mg,"<em class=""keyword"">特朗普</em>女婿终于开口说话了！原来他是这样的声音！",200240,311,1070,386,1498021539
观察者网,BV1Vx411S7fE,特朗普又双叒叕讲了一遍农妇与蛇的故事，哦不对，是诗,48433,386,430,385,1493554385
环球时报,BV1Sx411C7VP,"【重磅广告】斯嘉丽·约翰逊扮演伊万卡·<em class=""keyword"">特朗普</em> 推出“女帮凶”牌定制香水",45324,197,491,373,1489483617
环球时报,BV1Sx411C7VP,【重磅广告】斯嘉丽·约翰逊扮演伊万卡·特朗普 推出“女帮凶”牌定制香水,45324,197,491,373,1489483617
环球时报,BV15x411Y7JE,"<em class=""keyword"">特朗普</em>：我从来没有提到过“以色列”这个词",46439,47,202,368,1495516466
环球时报,BV1yx41117ss,特朗普怼完移民怼原住民！但印第安人可不是好惹的,120938,122,303,368,1486547710
环球时报,BV15x411Y7JE,特朗普：我从来没有提到过“以色列”这个词,46439,47,202,368,1495516466
环球时报,BV1Ps41187TB,"<em class=""keyword"">特朗普</em>签署行政令：我们要开始建墙了！",35889,236,126,367,1485409451
柚子木字幕组,BV1Zx41187AB,"【扣熊晚间秀】<em class=""keyword"">川普</em>数学老师的棺材板子我按好了 @柚子木字幕组",60488,223,281,363,1497767109
城下二七,BV1xs41187oz,FunnyHetalia31【APHMMD】黑塔全员欢乐小剧场第十一弹,88984,1993,5352,362,1485779384
观察者网,BV1ox411U7AU,【完结篇】如今大国博弈就是看谁先憋不住：中美俄关系和叙朝危机（五）,210697,1964,2155,358,1493273816
御坂-10031号,BV1cx411Y7JW,小科普：掉入黑洞的2.5种死法,48530,576,530,358,1497075541
环球时报,BV1yx411S7JR,"白宫回应美联航事件：<em class=""keyword"">特朗普</em>总统已阅",32758,138,111,357,1491993430
Hadeless,BV1Wx41117hn,"<em class=""keyword"">川普</em>奚落施瓦辛格，州长怒拍视频反击",506803,287,1344,354,1486296805
观察者网,BV14x411Y7v9,教皇@特朗普：就知道你喜欢吃披萨（大误）,194712,140,699,351,1495680490
观察者网,BV1sx411r72m,荷兰特朗普！他能带领荷兰大变天吗？,14951,285,216,351,1489571912
环球时报,BV1vx411874V,伊万卡：猛烈的敌意和攻击让我感到措手不及,84429,152,515,349,1497352809
观察者网,BV18x41117Cr,美副总统：我能怎么办呐，我也很绝望啊！,560924,454,501,348,1486375083
观察者网,BV1ys41187nw,特朗普外孙女唱中文歌《新年好》拜年（视频） 伊万卡推特用中文写“新年快乐,464355,206,1401,343,1486091291
观察者网,BV1Js411872M,"<em class=""keyword"">特朗普</em>“一统”好莱坞！",48821,180,270,341,1485847241
环球时报,BV1yx411y7eC,"<em class=""keyword"">特朗普</em>政府或将废除奥巴马“跨性别厕所”令 将问题交给各州决定",10926,42,46,332,1487840924
观察者网,BV1Tx41117Mk,"你们事无巨细地报道<em class=""keyword"">特朗普</em>，可曾问过自己low不low？",24307,141,283,328,1488107772
环球时报,BV1px411v7S4,埃尔多安保镖暴打抗议者 华盛顿警方：？？？？？,31122,187,194,327,1495017911
观察者网,BV1rx411h7Z9,面对唐大宝宝的邀功，巴拿马总统好像一不小心说了实话,57546,104,187,321,1497945169
观察者网,BV17x41127eL,【熟肉完整版】安倍访美 日美联合记者会,30568,1449,514,320,1486821642
环球时报,BV1fx411Q7BY,特朗普发布讲话：美军对叙利亚发动了军事打击,18620,326,108,319,1491563214
观察者网,BV1Gx411y745,川普邀支持者上台无畏惧：怕只怕他给我个大亲亲,56558,350,441,316,1487496886
观察者网,BV1Gx411y745,川普邀支持者上台无畏惧：怕只怕他给我个大亲亲,56558,350,441,316,1487496886
环球时报,BV1vx411U7ST,"【无形嘲讽，最为致命】<em class=""keyword"">特朗普</em>上任100天，听听世界人民怎么评价！",113283,327,345,313,1493128842
环球时报,BV1fs411h75Z,LGBT群体在副总统彭斯家门口集体开趴体,5199,58,22,313,1484906037
环球时报,BV1vx411U7ST,【无形嘲讽，最为致命】特朗普上任100天，听听世界人民怎么评价！,113283,327,345,313,1493128842
观察者网,BV1zs411b7VH,特朗普首个总统令：正式退出TPP,42198,128,234,313,1485223162
环球时报,BV1fs411h75Z,LGBT群体在副总统彭斯家门口集体开趴体,5199,58,22,313,1484906037
环球时报,BV1yx41117ah,"英国上议院议长不满下议院议长擅自就<em class=""keyword"">特朗普</em>国会演讲表态",295251,404,1480,310,1486548087
环球时报,BV1zs41187cy,"白宫发言人：你都不知道<em class=""keyword"">特朗普</em>有多失望",69317,200,254,309,1486117864
环球时报,BV1ax411D7cP,"<em class=""keyword"">特朗普</em>支持者和反对者在伯克利爆发冲突 7人送医21人被捕",18872,97,76,309,1492425919
环球时报,BV1Qs411b7Gn,白宫新任发言人称不允许中国接管南海,158122,412,279,309,1485253786
环球时报,BV1zs41187cy,白宫发言人：你都不知道特朗普有多失望,69317,200,254,309,1486117864
环球时报,BV1ex411v7K3,"总结一下：<em class=""keyword"">特朗普</em>这糟心的10天",47407,153,362,308,1495159511
环球时报,BV1qx411a7KM,"卡塔尔外长回应<em class=""keyword"">特朗普</em>指责卡塔尔支持恐怖主义",20936,41,65,308,1496931012
环球时报,BV1ex411v7K3,总结一下：特朗普这糟心的10天,47407,153,362,308,1495159511
环球时报,BV1qx411a7KM,卡塔尔外长回应特朗普指责卡塔尔支持恐怖主义,20936,41,65,308,1496931012
观察者网,BV1Vx411S7D9,"就只是，一个<em class=""keyword"">特朗普</em>嘲讽美国主流媒体的日常",86004,229,540,306,1493554105
野草凌云,BV1dx41127r8,"【黑人兄弟·双语字幕】最后的奥观海与黑吴克：批判一番<em class=""keyword"">特朗普</em>",312363,363,834,303,1493713003
环球时报,BV1jx411e7Np,美国务院记者会发言人被记者问到静止 变成jpg模式,73946,384,491,302,1496216286
环球时报,BV1jx411e7Np,美国务院记者会发言人被记者问到静止 变成jpg模式,73946,384,491,302,1496216286
重拾黄尘,BV1Ts411h7qs,【汉化】奥巴马对当晚川普胜选的愤怒表态,1849855,494,4190,301,1484072077
重拾黄尘,BV1Ts411h7qs,【汉化】奥巴马对当晚川普胜选的愤怒表态,1849855,494,4190,301,1484072077
观察者网,BV1ix411h7Xa,计数君已上线：见个特朗普 乌克兰总统都快把自己手打肿了,68739,317,278,301,1498012032
观察者网,BV1ws411Y7Pv,特朗普直播被问涉台问题，FOX的镜头方了,131473,81,368,296,1483246750
观察者网,BV1Dx411U7dd,伊万卡夸老唐时被嘘，截至发稿特朗普还未发推特,34332,85,163,293,1493179594
环球时报,BV1ex411m78A,21秒处，就是这则广告被封杀的原因,77172,65,404,292,1494238288
环球时报,BV1ex411m78A,21秒处，就是这则广告被封杀的原因,77172,65,404,292,1494238288
环球时报,BV1yx411a7rL,【浓缩版】前FBI局长科米3小时听证会&amp;特朗普等各方回应,14808,226,174,292,1497001148
观察者网,BV1sx411D7ic,老唐啊 你可长点心吧,48710,54,198,290,1492487475
观察者网,BV1cx41127Dr,【安倍觐见川总】哎呀TPP这题好难 回答两遍可以吗,39137,493,252,289,1486782323
环球时报,BV1dx411r7yp,相比跟特朗普握手被无视的尴尬 默克尔与安倍相谈甚欢,91342,149,327,288,1489996099
观察者网,BV14x411a7zg,官方盖章！特朗普推特=官方声明,37869,108,219,283,1496807110
环球时报,BV1tx41117cn,中字视频|美国国防部长：钓鱼岛适用于《美日安保条约》第5条,14195,212,101,281,1486211157
环球时报,BV1tx41117cn,中字视频|美国国防部长：钓鱼岛适用于《美日安保条约》第5条,14195,212,101,281,1486211157
环球时报,BV1jx411e7P1,德国外长批评特朗普：“短视”政策削弱了西方，损害了欧洲,18767,53,89,275,1496216446
观察者网,BV1ex411U7GH,设好午宴摆好盘 把安理会代表叫到白宫 然后批评了一番,77781,311,283,270,1493107053
观察者网,BV17x411v7Gw,普京的日常耿直系列……回应“被泄密”篇,55899,303,919,270,1495079118
谜之声,BV1yx411k7RM,"【谜之声实况】捏人游戏WWE <em class=""keyword"">川普</em>屠魔夺冠赛",61587,1562,233,262,1488439170
谜之声,BV1yx411k7RM,【谜之声实况】捏人游戏WWE 川普屠魔夺冠赛,61587,1562,233,262,1488439170
观察者网,BV1bs411b7U6,"美媒挖苦<em class=""keyword"">特朗普</em>就职典礼没人看 白宫办公室还美正式开张 就给怼了回去：没见过草坪反光呐！",25726,416,185,257,1485068411
观察者网,BV1ms411b7KL,福特CEO感动表示：感谢总统退出TPP！！,35892,157,170,256,1485317861
环球时报,BV1jx411v7qZ,英国卫报：教你如何弹劾美国总统！特朗普：【微笑】,30398,166,244,256,1495087173
观察者网,BV1ox411D77c,诶呦喂隔着屏幕都感觉到大帝好心累。。。,241079,168,2806,254,1490933287
军武大本营,BV1Kx411k7WY,《军武大本营》25：局座：局座详述身边泄密事件,54870,1704,319,253,1490150348
环球时报,BV1ax411D7MZ,美国副总统彭斯：对朝鲜的战略耐心时代已经结束了,14707,39,86,253,1492440045
观察者网,BV1Jx411v7UX,"还记得大明湖畔，<em class=""keyword"">特朗普</em>怒斥媒体的雄姿吗？",46466,182,292,252,1495098876
为你所问,BV1Px41167DC,社会实验：街头假扮特朗普，遭到路人恐吓！,280901,282,513,252,1498148412
观察者网,BV1ex411D7rU,观军视频第0.5期：薛定谔的美国航母,28566,195,281,249,1492600178
观察者网,BV1Gx41117Ra,特朗普国会演讲再提废除奥巴马医保，被嘘了,64873,47,139,247,1488361251
MystErious菌,BV15s411Y7x4,【局座悄悄话】1.1 特朗普和杜特尔特在网络上混得如鱼得水？细思极恐，极恐~,12661,348,33,241,1483269805
观察者网,BV1hs41187nE,法拉奇怒斥西方政客时。。。,38085,296,358,238,1486026973
观察者网,BV12s41187Ko,施瓦辛格大战特朗普！,36472,91,283,230,1486097657
环球时报,BV1Vx41117EL,"<em class=""keyword"">特朗普</em>国会演讲分两派 总统好棒棒VS冷漠脸",96620,338,666,229,1488357286
环球时报,BV1Vx41117EL,特朗普国会演讲分两派 总统好棒棒VS冷漠脸,96620,338,666,229,1488357286
环球时报,BV1yx411e73h,特朗普：科米把FBI搞得一团糟 FBI：我们至今仍支持科米,27188,212,177,228,1494580231
柚子木字幕组,BV1Gx411k7My,NASA中文，特朗普批准2017年NASA过渡授权法案 @柚子木字幕组,20602,213,200,227,1490359635
TAKERA,BV1fx41187eA,"Nightblue3-塔莉雅打野做坏了啊! 建出<em class=""keyword"">川普</em>的墙壁完全封路(中文字幕)",25055,37316,74,224,1497498209
观察者网,BV1Qs411b7iz,川普遭遇女权抗议，英国女首相特蕾莎怎么说？,31919,80,221,223,1485251400
观察者网,BV1Qs411b7iz,川普遭遇女权抗议，英国女首相特蕾莎怎么说？,31919,80,221,223,1485251400
环球时报,BV1sx411D79V,"<em class=""keyword"">川普</em>出席白宫复活节彩蛋活动 恍惚间忘向国旗致敬",31301,45,156,221,1492484399
环球时报,BV1sx411D79V,川普出席白宫复活节彩蛋活动 恍惚间忘向国旗致敬,31301,45,156,221,1492484399
观察者网,BV1Qx411m7GH,什么味儿？历史重演的气味吗？！,131547,153,471,220,1494477202
环球时报,BV1ux411m7Kw,墨西哥儿童节：边境两侧离散亲人见面3分钟,6814,57,32,219,1493864234
环球时报,BV11x411D7cJ,白宫发言人与记者又当场撕起来了：别再摇头了你！,140582,150,351,217,1490782536
环球时报,BV11x411D7cJ,白宫发言人与记者又当场撕起来了：别再摇头了你！,140582,150,351,217,1490782536
观察者网,BV19x411U7db,奥奥，我是你的Barbie Girl嘛~？,37641,202,1013,213,1493367895
观察者网,BV1Us411h7K2,俄塔斯社：我们不仅黑了美国大选，我们还…,169695,152,1163,212,1484730184
观察者网,BV1Us411h7K2,俄塔斯社：我们不仅黑了美国大选，我们还…,169695,152,1163,212,1484730184
环球时报,BV1Zx411D7XU,桥下彻说的这段话听了很受用？别急着高兴,12710,125,74,208,1490796644
环球时报,BV1Tx411Q7Xu,俄罗斯干预美国大选？普京：看我嘴型，没有！,190665,129,1682,205,1490948603
环球时报,BV1Tx411Q7Xu,俄罗斯干预美国大选？普京：看我嘴型，没有！,190665,129,1682,205,1490948603
观察者网,BV1ix411U7nW,美国街采：ISIS 朝鲜和普京 谁是美国最大威胁？,74219,437,414,205,1493110335
观察者网,BV1Kx411Q7Vh,特朗普：签署命令？不存在的！,24697,72,176,205,1491036632
图书馆的酥,BV1ps411Y7GV,"【馆叔】局座大战<em class=""keyword"">特朗普</em>",41326,326,714,201,1483600188
图书馆的酥,BV1ps411Y7GV,【馆叔】局座大战特朗普,41326,326,714,201,1483600188
环球时报,BV1Xx411m7r5,"<em class=""keyword"">特朗普</em>解雇FBI局长 俄方的反应扎心了",123933,121,565,197,1494484611
观察者网,BV1xs411h7FV,怼天怼地的特朗普，提到普京就……,447910,304,1799,197,1484213778
环球时报,BV1Zx411m7XW,美国FBI局长被解雇 与这段视频中的证词有关,20699,109,153,195,1494424860
yankeesama的帧察小队,BV1Ex411C7KH,"【山猫小剧场（上了福特精神爽，老夫聊发大建狂）】<em class=""keyword"">川普</em>的航母宣言：十艘算啥，起码加俩！",40734,171,109,194,1488885293
yankeesama的帧察小队,BV1Ex411C7KH,【山猫小剧场（上了福特精神爽，老夫聊发大建狂）】川普的航母宣言：十艘算啥，起码加俩！,40734,171,109,194,1488885293
观察者网,BV1gx41127ru,普京总统10年前的谈话，在今天依然值得美国新总统再回味,67946,214,1071,191,1486888855
观察者网,BV1zx41117s3,"英国教堂700年前的滴水嘴兽 竟然与<em class=""keyword"">特朗普</em>谜之相似",34175,118,226,189,1486365508
观察者网,BV1wx411C7re,俄罗斯脱口秀：特朗普和普京会面的画风，可能是这样,106575,603,2002,188,1488786824
环球时报,BV1ix411Y7Jg,梅首相：我要向特朗普说清楚，我们两国之间的共享情报必须安全,43770,144,282,188,1495784166
布里奇斯,BV1Ux411C7vq,"【中文字幕】30年前预言<em class=""keyword"">川普</em>上台的科幻电影",196391,221,976,187,1489313586
环球时报,BV1Tx411Q7y4,悲壮！川普推文惨遭无情“烧毁” 网友大呼：爽！,20724,54,236,187,1490948278
环球时报,BV1Mx411U7JJ,白宫发言人：“卡尔·文森”号就是在路上！我说是就是！,18724,63,79,187,1492672487
环球时报,BV1Tx411Q7y4,悲壮！川普推文惨遭无情“烧毁” 网友大呼：爽！,20724,54,236,187,1490948278
环球时报,BV1Mx411U7JJ,白宫发言人：“卡尔·文森”号就是在路上！我说是就是！,18724,63,79,187,1492672487
观察者网,BV1Gx411Q7yF,"我家<em class=""keyword"">川普</em>才不通俄，你才通俄，你们全家都通俄！",65089,139,265,186,1491132471
观察者网,BV1as411b7CX,"<em class=""keyword"">特朗普</em>签署第一份总统令，亮点却是……",69121,181,299,186,1484939021
观察者网,BV1Sx411v7WV,为了逃避特朗普的尬抱，希拉里都……等等，大选不是早就结束了吗？,63654,42,168,186,1495431666
观察者网,BV1cx411172q,好莱坞：特朗普上台后，妈妈再也不担心我种族歧视了！,473341,61,653,185,1488234623
共青团中央,BV1Mx41117UX,亲信倒台，特朗普会不会成为“白宫囚徒”《防务新观察》两集连播  20170226 &amp; 20170225,25704,865,174,185,1488162915
吾乃呆呆,BV1Xx411Q7oP,"看看现今米帝第一千金，伊万卡·<em class=""keyword"">特朗普</em>16岁时在做什么？成功真的不是随随便便。",85331,280,479,184,1491613943
观察者网,BV12x411k7XH,小布什：你们对我的报道出了偏差 我没有批评特朗普,95339,267,615,184,1488446464
吾乃呆呆,BV1Xx411Q7oP,看看现今米帝第一千金，伊万卡·特朗普16岁时在做什么？成功真的不是随随便便。,85331,280,479,184,1491613943
观察者网,BV1jx41117A2,世界上什么颁奖礼我没有见过？拿种族主义怼我，真是too young,278188,88,869,182,1488271338
观察者网,BV1Gx41117op,特朗普重申政策核心，简单来说，可能就是，闷声。。。,23129,140,176,179,1488360173
环球时报,BV1ix41187fr,唐总的“Covfefe”可能真的要变成法案了......,20632,60,98,179,1497346292
柚子木字幕组,BV1dx411y7S1,"【TED-Ed】19世纪的<em class=""keyword"">川普</em>——最具争议的美国总统安德鲁·杰克逊 @柚子木字幕组",42887,155,1206,178,1488006349
环球时报,BV1Px411277v,"中字熟肉 l <em class=""keyword"">特朗普</em>和安倍记者会完整版",30930,743,337,176,1486807648
柚子木字幕组,BV17x411v7VV,【TheRichest】10件有关特朗普总统你不知道的轶事 @柚子木字幕组,69174,298,462,176,1495080258
环球时报,BV1Px411277v,中字熟肉 l 特朗普和安倍记者会完整版,30930,743,337,176,1486807648
环球时报,BV1qx411a7i9,【未经NBC剪辑的完整版】普京接受NBC电视台主播梅根凯利专访,65375,801,1520,175,1496920220
猫神辣椒酱,BV1Tx411e7yS,【猫神】全面战争模拟器 希拉里？？ VS 特朗普？？,26801,498,144,174,1496126939
美欧前沿,BV1ws411h7gg,"【中字高清】梅姑Meryl Streep金球奖颁奖典礼大骂<em class=""keyword"">川普</em>不配当一国之主",92579,387,968,171,1483950018
Real麦克老师,BV1ax411y7gX,【带感】5分鐘看完2017《美国总统的一生》,25280,160,224,169,1487766705
Real麦克老师,BV1ax411y7gX,【带感】5分鐘看完2017《美国总统的一生》,25280,160,224,169,1487766705
梦棋君,BV1ns411h7u1,【漫画吐槽】：政宗君的复仇，男人疯起来，真的是不要命了...,52687,378,473,164,1484295027
环球时报,BV1fx411r7CH,特朗普签署登陆火星任务新法案,7543,138,67,163,1490172624
环球时报,BV1fx411r7CH,特朗普签署登陆火星任务新法案,7543,138,67,163,1490172624
观察者网,BV1hs41187nz,"在熟悉的氛围中，<em class=""keyword"">特朗普</em>宣布大法官提名人选",15675,115,69,159,1486027126
观察者网,BV1rx41117aJ,"<em class=""keyword"">特朗普</em>一意孤行？美国土安全局长称：我的锅，没拦住他",13592,73,58,159,1486532972
环球时报,BV14x411Y7ex,美国国家情报总监拒绝证实对特朗普新指控,12757,35,90,158,1495678754
观察者网,BV1ws41187G1,"【<em class=""keyword"">特朗普</em>之wall】让我一次WALL~个~够~",18252,169,130,158,1485401671
环球时报,BV1Ex41117Ju,"<em class=""keyword"">特朗普</em>：提高国防预算！重振美国军力！",8106,91,54,158,1488276626
观察者网,BV1Vx411S7fG,白宫记者协会晚宴上哈桑·米纳的单口相声 Part 1,19708,212,129,158,1493554196
环球时报,BV14x411Y7ex,美国国家情报总监拒绝证实对特朗普新指控,12757,35,90,158,1495678754
吾乃呆呆,BV1Cx411Q7Ww,不可思议的相似照片系列，世界之大，无奇不有Σ( ° △ °|||)︴,83649,639,777,157,1491473297
柚子木字幕组,BV19x411y7mo,"【扣熊晚间秀】卡通<em class=""keyword"">川普</em>听睡前恐怖故事 @柚子木字幕组",46399,122,388,156,1488088155
环球时报,BV1px411v7mM,纽约时报：特朗普曾暗示FBI前局长科米停止对前国家安全顾问弗林的通俄调查,10626,30,54,152,1495032660
观察者网,BV1ax411U7ZN,航天员给特大宝宝讲解在太空变尿为宝，特大宝宝又耿直了。。。,34587,37,191,151,1493093848
共青团中央,BV14x411275G,特朗普要请朝鲜最高领导人吃汉堡？《防务新观察》 20170212 ,26543,431,108,150,1486983587
环球时报,BV1Dx41187ip,"NBA球星罗德曼抵达朝鲜 称：我确定<em class=""keyword"">特朗普</em>很高兴",76527,96,215,147,1497418648
观察者网,BV1Zx4112746,你们这些记者啊，搞得唐大宝宝都有小情绪了！,54402,112,268,147,1493716420
观察者网,BV1Zx4112746,你们这些记者啊，搞得唐大宝宝都有小情绪了！,54402,112,268,147,1493716420
观察者网,BV1Yx411U7NV,【法大嘴的点评日常】马克龙哪有勒庞好嘛,18229,61,68,146,1493097770
环球时报,BV1Hx411v7Ca,美国福克斯新闻爆料：被谋杀的民主党数据主管与维基解密有关联,13203,69,146,146,1495007442
终已不顾c,BV16x411r78n,川普：呵，我就不跟你握手,147888,203,975,145,1489906741
终已不顾c,BV16x411r78n,川普：呵，我就不跟你握手,147888,203,975,145,1489906741
观察者网,BV1Rs411h7zX,普京回应特朗普“黑料”：传播谣言的人比妓女令人不齿！,84790,217,1335,144,1484707980
观察者网,BV12s411h7yk,这可能是你听过最心塞的《中国颂》 演唱者：美国即任总统特朗普,35078,194,260,144,1484554042
观察者网,BV1Vx41117nj,美国尊重各国探索本国自己发展道路的权利,14890,48,118,142,1488356922
环球时报,BV1yx411S79c,美国国防部长：我们在叙利亚的首要打击目标仍是恐怖组织,6771,47,39,138,1491993389
老李船长,BV1nx41117pu,"【老李船长】战争模拟器 <em class=""keyword"">川普</em>你真能打败民主？",34840,227,90,137,1486232900
阿尔法小分队字幕组,BV1Xs411b7Gx,"【中字】<em class=""keyword"">川普</em>是如何回答吉米问题的？ @阿尔法小分队",12999,176,245,137,1485245616
环球时报,BV1hx411y7wA,"<em class=""keyword"">特朗普</em>讲话后没几天瑞典真的发生暴动。。。",104806,80,176,137,1487752671
环球时报,BV1hx411y7wA,特朗普讲话后没几天瑞典真的发生暴动。。。,104806,80,176,137,1487752671
观察者网,BV1xx411h7LP,特朗普到底有没有被调查？律师快和自己打起来了,20864,93,90,136,1497870314
观察者网,BV1jx41117PB,先生们，咱们的队伍有奸细啊,20583,36,73,136,1488271720
柚子木字幕组,BV1qx41127uJ,"【扣熊晚间秀】“卡通”<em class=""keyword"">川普</em>终于一次性说出了自己对澳大利亚的不满 @柚子木字幕组",74982,79,553,135,1487130763
观察者网,BV1vx411Q7t1,哈哈哈蒂勒森让你背后说毛熊坏话，看被人家给怼的,169193,302,1329,133,1491379827
环球时报,BV1as41187pk,"默克尔反对<em class=""keyword"">特朗普</em>的难民政策",11799,73,56,131,1485881830
环球时报,BV1Qs411b7Tu,特朗普退出TPP前夜 安倍：我相信川酱！,21641,116,74,130,1485253024
要看星星,BV1xx41127EV,"国外超萌小孩模仿<em class=""keyword"">川普</em>，特朗普也就这智商",429927,147,1842,129,1486970411
环球时报,BV1ms411h7i8,"普京谈<em class=""keyword"">特朗普</em>黑料：编造谣言的人比妓女更糟（另外，跟普京学个新词）",38285,163,544,129,1484736642
要看星星,BV1xx41127EV,国外超萌小孩模仿川普，特朗普也就这智商,429927,147,1842,129,1486970411
观察者网,BV1zx41127Ld,"我们<em class=""keyword"">川普</em>对俄罗斯敲强硬的！",28605,66,150,127,1487135479
环球时报,BV1jx411e7GW,"<em class=""keyword"">特朗普</em>：Call Me Maybe！",24723,61,183,127,1496230812
观察者网,BV1zx41127Ld,我们川普对俄罗斯敲强硬的！,28605,66,150,127,1487135479
环球时报,BV1rx411k7qK,"<em class=""keyword"">特朗普</em>首次以三军统帅身份登上美军最强大航母并发表演讲",78632,64,312,126,1488533010
环球时报,BV1rx411k7qK,特朗普首次以三军统帅身份登上美军最强大航母并发表演讲,78632,64,312,126,1488533010
观察者网,BV18x41117kF,特朗普上台就抛弃白俄？白俄总统提醒普京认清现实,24611,131,246,125,1486373938
躺倒鸭TV,BV1kx411h7tB,外国人在中国兼职代报案，1200元服务费！快递员新规：高帅快！,15588,32,85,121,1497958760
观察者网,BV1Vx411S7D4,总统怼完同行怼，心疼CNN（滑稽）,39559,114,196,120,1493554107
天下有警,BV1Zx411m7Dk,普京的保镖抽个空就拿个奥运金牌，这很战斗民族,146864,146,264,119,1494409986
天下有警,BV1Zx411m7Dk,普京的保镖抽个空就拿个奥运金牌，这很战斗民族,146864,146,264,119,1494409986
环球时报,BV1cx41117S8,奥斯卡颁奖礼：日常调戏特朗普,80283,228,371,119,1488189293
环球时报,BV1ox41127QF,特朗普评价金正恩：他是个聪明人！如果情况合适愿与他见面,56357,82,346,118,1493719484
环球时报,BV1ox41127QF,特朗普评价金正恩：他是个聪明人！如果情况合适愿与他见面,56357,82,346,118,1493719484
yankeesama的帧察小队,BV1cs411h76y,"川的国：美国国会为何在<em class=""keyword"">川普</em>面前瑟瑟发抖？",57143,579,300,117,1483952677
环球时报,BV1ix411h7z4,白宫发言人斯潘塞“升职” 将在特朗普政府担任新角色,10910,29,43,115,1498032605
环球时报,BV1Xx411279m,白宫发言人：别问我~别问我~我啥也不知道~溜了溜了~,21891,60,65,114,1493804790
环球时报,BV1vx41187Hh,罗马尼亚总统：唐总统在看着我...方...,26761,107,136,113,1497338149
梦棋君,BV1Ns411874w,【漫画吐槽第12期】：只要是母的，没有一个不喜欢我的！！就是怎么帅！,65387,248,880,111,1485441316
吾乃莎莎,BV1Lx411m7BC,【局座】张召忠：美军给伊朗送了一个大礼 这可比天上掉下4吨金子贵多了,241077,94,143,111,1493962437
环球时报,BV1hx41117p1,百威啤酒的“美国梦”以及奥迪的“女权”,5977,8,84,111,1486369245
环球时报,BV1xx411v7Wy,"<em class=""keyword"">特朗普</em>否认要求科米停止调查通俄案 “科米非常非常的糟糕”",10464,33,59,108,1495188000
环球时报,BV1xx411v7Wy,特朗普否认要求科米停止调查通俄案 “科米非常非常的糟糕”,10464,33,59,108,1495188000
我是路过的syc,BV1wx411m7SR,"【中字】<em class=""keyword"">川普</em>成为马迷的真相",21820,54,545,107,1493899164
逍遥小枫,BV1ax411v7KP,"【逍遥小枫】史上最多bug的游戏，美国总统孤身一人勇闯敌营！| <em class=""keyword"">川普</em>模拟器(Trump vs Mafia)",43608,574,83,105,1495252293
阿巴阿巴呼噜咕咕咕,BV1Jx411k7tX,"马云看2017经济形势——谈<em class=""keyword"">特朗普</em>，谈新型全球化 [完整版]",18128,353,837,103,1490446040
环球时报,BV1Wx411y7ry,CNN记者探访平壤：不关心谁是美国总统,132614,76,300,103,1487667161
Tix小狼,BV1Gx41167ju,奥巴马和川普进行篮球比赛,29846,97,216,102,1498318597
Tix小狼,BV1Gx41167ju,奥巴马和川普进行篮球比赛,29846,97,216,102,1498318597
果酱字幕组,BV1Yx41117my,"<em class=""keyword"">川普</em>每周电视讲话2017.01.28【果酱字幕组】",14489,104,184,101,1486390891
柯南秀NS字幕组,BV1Tx41127DG,"【柯南秀】奥巴马退休后仍然受到<em class=""keyword"">川普</em>的骚扰",452662,170,5715,100,1486708994
Ve先生,BV1us41187BA,"如何帮助特朗普在美国和墨西哥边境建造一座3200公里的<em class=""keyword"">川普</em>墙？",8012,100,42,100,1485685179
柯南秀NS字幕组,BV1Tx41127DG,【柯南秀】奥巴马退休后仍然受到川普的骚扰,452662,170,5715,100,1486708994
Ve先生,BV1us41187BA,如何帮助特朗普在美国和墨西哥边境建造一座3200公里的川普墙？,8012,100,42,100,1485685179
划水的兔先生,BV1qs411b7F3,【烽火议军情】核手提箱 美国总统手中最恐怖武器,73650,198,187,99,1485173921
猛犸君侯,BV1Yx411v7oi,"纪录片.Ch4.伊万卡·<em class=""keyword"">特朗普</em>：真正的美国第一夫人？.2017[片头][高清][生肉]",45394,154,698,98,1495157420
观察者网,BV1Yx411D7BU,特朗普：关于对朝政策，无论你怎么问，我只能说……,30917,43,156,98,1492585835
AS挚雪,BV1vs411b7Dn,特朗普总统与墨西哥卷饼的故事,22806,283,1014,97,1485000670
环球时报,BV1Qs411b7TU,安倍回应美国退出TPP：希望能沉下心来寻求理解,15673,46,35,97,1485253105
鱼大叔和朋友们,BV1rx411D7hW,特朗普推特应邀萌宠节目 招架不住呀,45338,136,253,95,1492577517
Accompany313,BV17x411k79j,"论猫狗看待<em class=""keyword"">川普</em>的态度",16970,42,131,94,1490324066
jwazy,BV1Bs411b7fB,"【纪录片】 《选择》-- <em class=""keyword"">特朗普</em>和希拉里的故事【中英字幕】",101943,1451,4917,93,1485228616
jwazy,BV1Bs411b7fB,【纪录片】 《选择》-- 特朗普和希拉里的故事【中英字幕】,101943,1451,4917,93,1485228616
观察者网,BV1bx41127Lt,桑德斯连线CNN，讽刺特朗普后信号中断。特朗普大概跟CNN的八字不合。。。,18811,53,67,93,1486984392
环球时报,BV1ss411h7af,"双语熟肉|<em class=""keyword"">特朗普</em>胜选后首场新闻发布会，与媒体交锋全过程",172978,653,1985,92,1484215577
观察者网,BV1Yx41187UJ,【独家专访】罗马尼亚前总理：特朗普的简单粗暴也挺好呀（Part3）,12349,66,67,92,1497329072
环球时报,BV11s411b777,新任白宫发言人首次发言 全程痛批媒体虚假报道,9214,167,47,90,1485159951
环球时报,BV11s411b777,新任白宫发言人首次发言 全程痛批媒体虚假报道,9214,167,47,90,1485159951
观察者网,BV14x41117ii,德国“汉堡微缩景观世界”展出美墨边境墙模型,11705,45,46,89,1486191270
bili_105504942,BV1dx411U7Wd,"太有才！<em class=""keyword"">川普</em>模仿秀 集体演技大爆发",574926,359,1881,88,1493379811
环球时报,BV12x41117pX,特朗普：北约成员国应做出应有的贡献 美国将战胜ISIS,6359,97,38,88,1486460650
bili_105504942,BV1dx411U7Wd,太有才！川普模仿秀 集体演技大爆发,574926,359,1881,88,1493379811
观察者网,BV1Rs411874u,"不满<em class=""keyword"">特朗普</em>“高盛内阁” 示威者闯入高盛总部抗议",5659,39,22,87,1483682684
观察者网,BV1ys41187Hy,乌东冲突升级 普京：乌克兰做戏给特朗普看,17171,69,128,87,1486092844
神秘列车长,BV1mx41117Sk,"被超级碗拒绝的广告：<em class=""keyword"">川普</em>墙拦不住希望",13630,173,77,85,1486469157
深渊的幽灵,BV1Tx411v7zw,"【真人秀/美国/<em class=""keyword"">特朗普</em>】名人学徒-第九季【中文字幕】名人学徒第9季",133805,1365,4137,85,1494930448
深渊的幽灵,BV1Tx411v7zw,【真人秀/美国/特朗普】名人学徒-第九季【中文字幕】名人学徒第9季,133805,1365,4137,85,1494930448
环球时报,BV1Qs411b7Gf,群主真的退群了！特朗普签署行政令退出TPP,17862,24,53,85,1485253475
历史课代灬,BV1Hx41117BV,"【创意广告】加拿大啤酒广告蹿红 讽刺<em class=""keyword"">川普</em>移民政策",18088,46,357,84,1486266350
历史课代灬,BV1Hx41117BV,【创意广告】加拿大啤酒广告蹿红 讽刺川普移民政策,18088,46,357,84,1486266350
环球时报,BV1Mx41127iH,特朗普高级顾问：赶紧去买伊万卡的商品去！,10941,39,53,83,1486720753
观察者网,BV1nx411r7gE,"啥？狗爷枪击<em class=""keyword"">特朗普</em>？",16645,46,83,83,1489648832
环球时报,BV1Mx41127iH,特朗普高级顾问：赶紧去买伊万卡的商品去！,10941,39,53,83,1486720753
环球时报,BV1ex411U7oE,美国财政部：对涉嫌开发化武的叙利亚科研人员实施史上最大制裁,5542,41,40,80,1493100262
阿尔法小分队字幕组,BV1Ux411k79w,"【中字】<em class=""keyword"">川普</em>上台后所面临的巨额债务问题@阿尔法小分队",6011,79,114,79,1488625720
吊德斯DioDes,BV1ks411b7Rq,"【屌德斯解说】 全面战争模拟器 美国总统<em class=""keyword"">川普</em>和希拉里联手消灭巨型鸡爸爸",645520,856,2334,78,1485120715
科京同志1,BV1ys411b7ty,【趣闻】克林顿紧盯伊万卡 希拉里表情稳定,161030,45,388,78,1485145509
快乐李同学,BV1Ss411b7y8,"美图秀秀手绘火到国外欧美老外！看看萌化的<em class=""keyword"">特朗普</em>，奥巴马~老外美图却疑似有种族歧视和窃听用户隐私弊端",31199,166,226,77,1485345487
微笑的岸边露伴,BV1ys411b79F,爆粗了！麦当娜华盛顿女性游行怒怼直男癌,15009,75,169,77,1485142394
红叶浅浅,BV1hs411h7px,局座时评71：网红总统、推特司令特朗普，你知道啥叫网络战吗？,11052,241,33,77,1484483875
韦驮天,BV16s411W7Pf,"【2017元宵】[<em class=""keyword"">川普</em>/奥巴马/元首]少年快去创建奇迹",3377,47,49,76,1486137600
环球时报,BV1ox411r7hp,"<em class=""keyword"">特朗普</em>：北约同盟国需要均摊国防开支",12844,36,51,75,1489991979
环球时报,BV1ox411r7hp,特朗普：北约同盟国需要均摊国防开支,12844,36,51,75,1489991979
为你所问,BV1Ss411878q,"社会实验：假扮<em class=""keyword"">川普</em>的驱逐黑人，吓尿他们@Nhzy字幕组",152663,214,295,73,1483771121
环球时报,BV1Wx41127c5,【高手过招！拼的就是速度！】特鲁多vs特朗普握手,111475,40,392,72,1487065616
环球时报,BV1Wx41127c5,【高手过招！拼的就是速度！】特鲁多vs特朗普握手,111475,40,392,72,1487065616
音可赛听,BV1Rx411U7iX,泰国drama小哥开口跪，太forget好听啦！,9721,167,145,70,1493362036
逍遥小枫,BV1Ex411a7sM,"【逍遥小枫】麦当劳蓝蓝路？！下次是不是该换<em class=""keyword"">川普</em>了？| 奥巴马的电锯惊魂2",31030,358,134,68,1496691546
悠兰拿铁,BV1qx41167oE,"<em class=""keyword"">川普</em>（火）大力推广方言系列",455,18,8,68,1498588561
环球时报,BV13x411C7b8,独家实拍：《环球时报》记者探访美墨边界,7434,41,35,68,1488963332
柚子木字幕组,BV1Xx411r7rg,"【扣熊晚间秀】老总统鬼魂夜访卡通<em class=""keyword"">川普</em> @柚子木字幕组",23401,81,270,67,1490101210
红烧牛肉字幕组,BV1Vx411S7cF,"【熊孩看世界#3】孩子们让插画家画出他们心目中的<em class=""keyword"">川普</em> @红烧牛肉字幕组",14009,118,226,67,1493604010
腾讯叮当,BV1Fx411k73u,「科技三分钟」Android O系统预览版发布 出门问问抗议小米霸王式合作 170322,24516,214,63,67,1490201320
红烧牛肉字幕组,BV1Vx411S7cF,【熊孩看世界#3】孩子们让插画家画出他们心目中的川普 @红烧牛肉字幕组,14009,118,226,67,1493604010
环球时报,BV12x41117pi,英国下议院议长：绝不同意特朗普来英国国会演讲！,20566,79,171,65,1486460686
老X-胡子Xcd,BV1cx411h7Nj,邦克山的急电：老佛爷，美利坚的蛮子又不上贡啦！【骑马与砍杀：拿破仑】,8551,116,48,65,1497509583
赛鲁迅,BV14s411b7rv,"<em class=""keyword"">特朗普</em>第一天当总统，笑死人。",26909,24,187,64,1485010840
bili_105504942,BV1Mx411Y7UD,"莎剧男主似<em class=""keyword"">特朗普</em>遭刺杀  达美航空停止对剧院赞助",14650,11,49,64,1497250094
环球时报,BV1bx411y7Ko,【伊万卡带孩子滑雪】踹了一脚，孩子就顺利滑下去了。。。,83338,18,157,63,1487585264
Feishin,BV1Ux411m7qX,"USSS（美国总统特勤局）和NYPD（纽约警察）护送<em class=""keyword"">特朗普</em>总统车队返回纽约市",29997,265,275,62,1494327604
Feishin,BV1Ux411m7qX,USSS（美国总统特勤局）和NYPD（纽约警察）护送特朗普总统车队返回纽约市,29997,265,275,62,1494327604
药丸字幕君,BV1Sx41117u4,"【大表哥赛高！】Dan Stevens暗怼<em class=""keyword"">川普</em>，宣传新剧《大群》、新片《美女与野兽》",21385,208,465,61,1486480372
BRTV新闻,BV1vx41167aa,"【BTV每日国际大新闻】0626 印度村庄改名“<em class=""keyword"">特朗普</em>村”每家获一间厕所",5536,80,15,61,1498466959
环球时报,BV1xx411v7sn,科米被免职前的听证会：因政治原因被迫停止调查，在我任职期间没发生过,5884,11,35,61,1495188013
天下有警,BV1sx411S7L3,买房卖房过夫妻生活，这个南美监狱有多神奇？,7054,50,31,59,1491736301
美欧前沿,BV1dx41127Zv,“怒怼”川普爆红网络的五岁地理小神童又上Ellen秀啦,154053,332,1442,59,1493708360
美欧前沿,BV1dx41127Zv,“怒怼”川普爆红网络的五岁地理小神童又上Ellen秀啦,154053,332,1442,59,1493708360
歪果仁在中国,BV1Ex41167NW,外国留学生，毕业后何去何从？如何看待在中国的留学经历？,21439,135,61,59,1498388289
搞视TV,BV1Cx41117BY,《Show手旁观》215期：蓝瘦香菇！假期说没就没,6356,157,18,59,1486534628
环球时报,BV1Yx411271k,"<em class=""keyword"">特朗普</em>谈国家安全顾问辞职 再批媒体虚假报道",5353,31,28,58,1487221020
环球时报,BV1Yx411271k,特朗普谈国家安全顾问辞职 再批媒体虚假报道,5353,31,28,58,1487221020
梦棋君,BV1As411a7Ur,【漫画吐槽第9期】：恋爱暴君不是你想的恋爱暴君！真的是恋爱暴君！！！！！！不骗你们,16657,161,107,57,1484810307
环球时报,BV1cs411h7Es,"梅丽尔·斯特里普获奖感言 全程向<em class=""keyword"">特朗普</em>开炮",32083,98,252,56,1483955655
观察者网,BV1Vx411S7Zm,白宫记者协会晚宴，哈桑怼斯派塞cut,11328,47,52,56,1493554138
梦棋君,BV1es411b7cS,【漫画吐槽第10期】：真正的【恋爱暴君】，第2期！,9378,132,39,55,1484994646
冷面Pokerface,BV1Ys411b758,真川普就职，中国的假川普也上岗了,12526,77,21,54,1484980016
吾乃莎莎,BV1yx41127bL,【局座】张召忠：军方主战白宫主和，将军都忽悠了总统,15262,14,42,54,1493696910
冷面Pokerface,BV1Ys411b758,真川普就职，中国的假川普也上岗了,12526,77,21,54,1484980016
环球时报,BV1rx411y77c,金·卡戴珊前继父 这位变性“奶奶”喊话特朗普：给我个电话！,29616,26,35,53,1487931149
观察者网,BV1ds411h72V,普京：有些人一直在道别，但就是不走,24451,132,256,53,1484728090
环球时报,BV1bx41127ER,美日领导人就朝鲜试射导弹事件召开联合记者会,6640,81,52,52,1486984574
Pooh的小屋,BV1gs411h7gD,"希特勒谈<em class=""keyword"">川普</em>当选，太搞笑了！",186172,435,1132,49,1484123106
天下有警,BV1ds411h7S5,"美国中情局局长警告特朗普,中情局权利到底有多大",7686,20,35,49,1484727738
迪奥·杜安,BV1zx411C748,"<em class=""keyword"">川普</em>王，大美兴",13168,85,216,48,1489325304
张把鸭,BV1Xx411Y7zv,"【柯南秀】<em class=""keyword"">川普</em>和普京的通话",204797,208,2384,47,1495866308
往生堂第七十八代堂主,BV1sx411v7g3,【生肉】切尔诺贝利核事故特别报道（美国广播公司 19860428）,22327,222,401,47,1495032431
欧拉伯,BV1qx41187wq,"美国达人秀2017：歌手<em class=""keyword"">川普</em>",29109,262,347,46,1497346141
可愛小羊毛,BV1fx41187Yb,"红色警戒2 可爱小羊毛VS可爱大蚂蚁 尤里<em class=""keyword"">川普</em>战术",6314,166,31,45,1497498802
阿尔法小分队字幕组,BV1rx411y7BW,"【双语】<em class=""keyword"">川普</em>是如何发推特的 @阿尔法小分队科教组",5100,42,146,45,1487935397
柯南秀NS字幕组,BV1jx411e7zN,"【柯南访谈】对肥伦和<em class=""keyword"">特朗普</em>访谈的看法",22542,26,146,45,1496209500
第一财经,BV1cx411Q7zA,特朗普弄疼了安倍 轮总统的握手艺术！｜光说,115553,137,264,45,1490866167
柯南秀NS字幕组,BV1jx411e7zN,【柯南访谈】对肥伦和特朗普访谈的看法,22542,26,146,45,1496209500
梦棋君,BV1hs411b7Y3,【梦琪配音】：星游记拼音第2期，飞吧！！！！！,8823,149,49,44,1484966838
阿尔法小分队字幕组,BV1cs411h7Qq,【双语】美国的不同时代：时代是否真的有规律可循？@阿尔法小分队科教组,3581,14,203,44,1483954331
BRTV新闻,BV1cx411a7b4,【BTV每日国际大新闻】0602 外交部：中方已就“萨德”发射架秘密入韩向韩方提出交涉,10648,77,21,44,1496392803
BRTV新闻,BV1vx411e7Ff,【BTV每日国际大新闻】0601 中国外交部：强烈谴责阿富汗爆炸袭击事件,10291,56,10,44,1496300182
梦棋君,BV11s411b7aG,【漫画吐槽第11期】：恋爱暴君第3期，有一个病娇女朋友就是好呀哈哈哈哈哈哈哈哈哈,6916,70,35,43,1485157626
杨瘦子12138,BV1jx411h7B5,"笑逐言开2017-06-17 尉迟：各国领导人喜养宠物 <em class=""keyword"">特朗普</em>不养白宫很着急",21776,306,69,42,1497781282
岸波玉藻,BV1Ys411b792,【川普MMD】MEGALOVANIA,7754,36,184,42,1484973812
bili_105504942,BV11x411675s,【终极对决】特朗普PK莫迪 握手神功遭“莫式熊抱”破解,39345,107,302,42,1498570522
岸波玉藻,BV1Ys411b792,【川普MMD】MEGALOVANIA,7754,36,184,42,1484973812
MIOK_,BV1fx411172M,"<em class=""keyword"">特朗普</em>真的够嘎_在WWE上玩闹出光辉灿烂_mda-gkwzf97suemj1xzj",50540,270,326,41,1486622193
柯南秀NS字幕组,BV1Kx411C75M,【柯南秀-墨西哥制造】专访墨西哥前总统比森特·福克斯,10781,118,61,40,1488704479
Sophie0120,BV1bs41187uG,"脱口秀主持艾伦对<em class=""keyword"">特朗普</em>入美禁令表态",55687,46,270,40,1485977443
创意72变,BV16x411U7PK,"网友恶搞<em class=""keyword"">特朗普</em>，让他的领带如蛇，到处缠人",17953,40,48,40,1493027113
油土鳖收妖所,BV16x411Y7b5,那些年，川普的握手故事~,11698,40,113,40,1495701255
雅柏菲卡☆,BV1Xx411C7Eh,【鬼畜新素材】特朗普大总统教你读“CHINA”,24177,176,438,40,1489497500
油土鳖收妖所,BV16x411Y7b5,那些年，川普的握手故事~,11698,40,113,40,1495701255
柯南秀NS字幕组,BV1ps411Y7Bu,"【柯南秀】<em class=""keyword"">川普</em>当总统前做柯南秀导播",38702,82,362,39,1483430276
开眼视频App,BV1Bs411b7r1,"<em class=""keyword"">川普</em>大科普：你真的了解<em class=""keyword"">川普</em>吗？ [开眼Eyepetizer-170122期]",6752,26,113,38,1485179311
环球时报,BV1rx411k7b8,美国“脱口秀女王”奥普拉对外透露出“参选可能性”，引发舆论广泛关注,4945,12,12,38,1488532975
环球时报,BV1rx411k7b8,美国“脱口秀女王”奥普拉对外透露出“参选可能性”，引发舆论广泛关注,4945,12,12,38,1488532975
STEAM蒸汽营,BV1as411h7ag,【双语】速读《穷爸爸富爸爸》——如何变有钱【分钟经济学】,34569,42,1546,36,1484352835
阿尔法小分队字幕组,BV1Ds41187RE,"【中字】<em class=""keyword"">川普</em>VS美国科技界大佬 @阿尔法小分队",5051,41,99,36,1483781211
油土鳖收妖所,BV16x411Y7yu,"<em class=""keyword"">川普</em>老婆拍掉了<em class=""keyword"">川普</em>想牵她的手（这么不给面子233）",13357,22,35,35,1495697385
悠兰拿铁,BV1dx41167zp,"<em class=""keyword"">川普</em>（羊腰子）大力推广方言系列",272,5,5,35,1498663569
油土鳖收妖所,BV16x411Y7yu,川普老婆拍掉了川普想牵她的手（这么不给面子233）,13357,22,35,35,1495697385
红烧牛肉字幕组,BV11x41117KE,"【洞 见】俄罗斯今年就要没钱了?<em class=""keyword"">川普</em>听了会沉默普京听了会流泪! @红烧牛肉字幕组",2560,15,24,34,1486450834
Jpry,BV1Ts411h7Vi,"[SNL] 如何在101秒内拆光<em class=""keyword"">川普</em>家！《周六夜现场》幕后揭秘！",138205,84,603,33,1484087043
环球时报,BV14x411C7aT,"美国记者跑的快：<em class=""keyword"">特朗普</em>曾说“我爱维基解密”，现在呢？",15366,35,77,33,1489041647
Jpry,BV1Ts411h7Vi,[SNL] 如何在101秒内拆光川普家！《周六夜现场》幕后揭秘！,138205,84,603,33,1484087043
环球时报,BV14x411C7aT,美国记者跑的快：特朗普曾说“我爱维基解密”，现在呢？,15366,35,77,33,1489041647
瓷瓶official,BV1As411a7hL,美国总统就职阅兵预演,5575,138,39,31,1484813224
BRTV新闻,BV14x411S7oG,【BTV每日国际大新闻】0408 美军打击叙利亚政府空军基地：俄战舰驶向地中海东部,4860,23,9,31,1491655418
环球时报,BV1rs411873Z,特朗普与施瓦辛格隔空喊话,5624,13,41,30,1486150142
环球时报,BV1ux411h7Ww,闯祸了？ 澳大利亚总理模仿特朗普说话引发爆笑,70467,110,243,29,1497608407
BRTV新闻,BV15x411Y7XD,【BTV每日国际大新闻】0523  外交部：中方反对朝鲜用弹道导弹技术进行发射活动,13223,10,22,29,1495510692
12缸汽车,BV1Lx411C7qV,普京车队被曝光！气势丝毫不输特朗普！,11702,69,110,29,1488863824
环球时报,BV1fs411h7jK,特朗普在就职庆典音乐会上发表致谢感言,6874,31,51,29,1484905872
EileenChang,BV1tx41117a6,"【<em class=""keyword"">川普</em>America first 欧洲各国深夜节目恶搞系列】持续更新中",9196,195,293,28,1486205152
环球时报,BV1rs4118736,特朗普政府推特治国新高度,7182,16,27,28,1486150307
聚乐店长,BV1tx411e7ws,"美国总统<em class=""keyword"">川普</em>参加好声音 评委和观众的表情亮了 毁三观",18957,104,161,27,1496347217
环球时报,BV1qs41187Pp,"<em class=""keyword"">特朗普</em>在白宫前会见哈雷摩托的老总们",34576,53,134,27,1486117646
环球时报,BV1qs41187Pp,特朗普在白宫前会见哈雷摩托的老总们,34576,53,134,27,1486117646
聚乐店长,BV1tx411e7ws,美国总统川普参加好声音 评委和观众的表情亮了 毁三观,18957,104,161,27,1496347217
BRTV新闻,BV14x411C7pk,【BTV每日国际大新闻】0309 韩国宪法法院10日将对朴槿惠弹劾案作出判决,9432,20,38,27,1489039548
柚子木字幕组,BV1kx411C795,"【扣熊晚间秀】<em class=""keyword"">川普</em>评论威斯敏斯特宠物狗秀  抓下体 @柚子木字幕组",11221,21,71,26,1489388213
吃好喝好477,BV18x411v79q,伊万卡拉票竞选演讲,33759,100,1122,26,1495124481
穿棋引线,BV17x411C7o8,鱼鹰开道！特朗普视察福特级航母,17322,215,128,26,1488891001
阿尔法小分队字幕组,BV13x41127CU,"【中字】十大已存旳“<em class=""keyword"">川普</em>墙“@阿尔法小分队",3913,29,52,25,1486903677
波落菠萝,BV18s411b7qn,"【吉米鸡毛秀】吉米又搞假新闻街访啦 这次是编了各种<em class=""keyword"">川普</em>当总统后干的傻事 询问路人的意见",45136,28,111,24,1485083152
猫小班MeowClass,BV12x411m7UH,"「中英熟肉」艾伦秀&amp;诺顿秀: 约翰尼德普Johnny Depp即兴模仿<em class=""keyword"">川普</em>Trump /LS字幕/",25808,71,458,24,1494253467
柯南秀NS字幕组,BV1cx411C7WX,【柯南秀-墨西哥制造】与墨西哥球星多斯桑托斯踢球,11844,78,64,24,1488766484
YouTube哥,BV1gx411Q7KH,"恶搞：<em class=""keyword"">川普</em>被暗杀，路人会有什么反应？",6087,98,45,24,1490976814
SelflyTV,BV1as411b7Up,"【VOX】奥观海 VS 四<em class=""keyword"">川普</em>话形象大使 【就职现场】  @Selfly工作室",4540,7,24,24,1484981590
星星看北斗,BV1zs411h7cw,特朗普与民权领袖掀“骂战”,3345,25,15,23,1484612637
空明悠言,BV16x41117KH,基和皮尔 key&amp;peele 最后的愤怒翻译官,77207,85,344,22,1486514767
泽泽头发乱,BV1px411171s,"【rap】给<em class=""keyword"">川普</em>的就职演讲加上BGM（一）",3621,34,29,22,1486278417
子文閑,BV1Es41187sq,梅根.凯莉宣布离开Fox新闻,17755,9,91,22,1485838980
子文閑,BV1Es41187sq,梅根.凯莉宣布离开Fox新闻,17755,9,91,22,1485838980
虎扑影视,BV1Bx41127H1,"【虎扑JRs字幕】时尚杂志GQ吐槽<em class=""keyword"">川普</em>穿着打扮|PS<em class=""keyword"">川普</em>的新装",4756,37,38,21,1487146491
悠影社,BV1xs411b7QL,【悠影社】中国留学生怎么看特朗普？,14666,26,17,21,1485033360
BRTV新闻,BV1Rx411r7Mo,0320晚间周刊·2017年第十一周热点新闻榜——数千名中国游客拒绝进入釜山港 中国邮轮集体拒停韩港口,7526,1,14,21,1489986755
柯南秀NS字幕组,BV1Lx411C7bm,【柯南秀-墨西哥制造】教父柯南,12519,24,54,20,1488860757
莉莎娜,BV1Rx411U7yh,"【神吐槽！】《辛普森一家》恶搞“<em class=""keyword"">特朗普</em>”执政一百天",10446,16,67,20,1493367140
吴门无派_,BV1As411h7JX,"[1080P]杜文龙滕建群《防务新观察》20170107 <em class=""keyword"">特朗普</em>即将上任 对台军售当交易？",7408,90,22,20,1483793069
观察者网,BV1Mx411D7gK,特朗普谈习特会：我超喜欢他,3301285,1716,15813,20,1492158761
莉莎娜,BV1Rx411U7yh,【神吐槽！】《辛普森一家》恶搞“特朗普”执政一百天,10446,16,67,20,1493367140
阿迦矢,BV1mx41117Cy,"BAD HOMBRES, NASTY WOMEN",9459,26,476,20,1486468591
波落菠萝,BV17x411m7x5,"【彪马实时秀】<em class=""keyword"">川普</em>100天干了啥",10317,48,95,19,1493973735
柯南秀NS字幕组,BV1us41187Mt,【柯南秀】墨西哥特辑-预告,5611,9,21,19,1485687735
胡椒视频,BV12x411D7Xt,"<em class=""keyword"">川普</em>又尴尬了...前一秒说我们不能犯错误，下一秒就…",5458,5,17,19,1490775893
一本叨,BV1Qs411b7py,"美图秀秀已经火到米国<em class=""keyword"">特朗普</em>脸上了！却被疑含侵犯隐私代码？",7928,13,17,19,1485250508
皮皮虾字幕组,BV1Kx41117Co,【Epic History】| 美国总统 - PART 1【皮皮虾字幕组】,9621,73,451,19,1488114039
胡椒视频,BV12x411D7Xt,川普又尴尬了...前一秒说我们不能犯错误，下一秒就…,5458,5,17,19,1490775893
BRTV新闻,BV1Bx411k7bw,【BTV每日国际大新闻】0326 韩国民众举行烛光集会要求逮捕朴槿惠,4936,1,14,19,1490540196
悲叹之怠惰,BV1rx411y75y,"【柯南秀】<em class=""keyword"">川普</em>向小奥寻求父爱？<em class=""keyword"">川普</em>与奥巴马通话内容 19【中字/自译】",20754,13,254,18,1487934713
李老斯基阿,BV1Ss41187Pm,"【老李】拯救<em class=""keyword"">川普</em>，打入美利坚",1058,24,11,18,1483772342
于强老师,BV1fx411r7Wf,"发型：<em class=""keyword"">特朗普</em>的命根---深圳卫视直说---S01E06",42204,18,43,18,1490176382
于强老师,BV1fx411r7Wf,发型：特朗普的命根---深圳卫视直说---S01E06,42204,18,43,18,1490176382
猛犸君侯,BV1Fs411a7Hk,纪录片.ITV.特朗普总统：美国的最大赌博？.2017[高清][生肉],13438,92,379,18,1484917560
BRTV新闻,BV1Ws411h788,【BTV每日国际大新闻】0112 奥巴马哭了 特朗普急了 台湾新闻都是辽宁号了  天皇要退位了  土耳其、泰国修改宪法了,11711,32,46,18,1484195924
初响之音,BV1Tx411y7Qv,[万能的德语]当元首听到特朗普获得共和党总统候选人提名,11642,121,62,18,1489108392
一只蓝波,BV1Ex411r7u5,我可能看到了美国未来的女总统！【你为什么支持特朗普总统】,5528,23,87,18,1489639096
柯南秀NS字幕组,BV1Px411C7u2,【柯南秀-墨西哥制造】为墙捐款,11370,52,76,17,1488696902
诚诺科技,BV1us411h7He,《科技早报》马云会见特朗普 勾心斗角哪家强？,5604,15,12,17,1484100811
阿尔法小分队字幕组,BV1Dx411D7gM,"【双语】#小崔每日秀# <em class=""keyword"">川普</em>指控奥巴马的事 FBI局长终于出面澄清 但是<em class=""keyword"">川普</em>好像听出了神奇的画外音？",81282,59,338,16,1490689737
北林团子,BV1Fs411a73r,"美国空军战机飞跃<em class=""keyword"">川普</em>就职典礼",2823,18,16,16,1484897532
夏林嘶丢丢,BV1sx411h7aw,"小朋友形容「<em class=""keyword"">川普</em>总统」的模样，画师得他们的描述画出来 (中文字幕)",1408,11,10,16,1497878403
大艺术家马地斯,BV1Sx411e77z,【自说自画】震惊! 奶奶竟如此对孙子 爆笑重庆方言,543,9,6,16,1494733094
bili_9904467,BV1js411h7Wu,马云在美拜访特朗普 Jack Ma Speaks After Meeting with Donald Trump,19801,28,92,15,1484047391
祥云璧,BV1sx411U7fW,"【祥云解说】贱民们这里禁止通行！<em class=""keyword"">特朗普</em>模拟器2017试玩！",11144,21,47,15,1492978589
出售单身狗,BV1Rs411b7St,"新任白宫发言人斯派瑟又怼媒体了？——这很“<em class=""keyword"">特朗普</em>”",5914,27,25,15,1485316471
bili_9904467,BV1js411h7Wu,马云在美拜访特朗普 Jack Ma Speaks After Meeting with Donald Trump,19801,28,92,15,1484047391
祥云璧,BV1sx411U7fW,【祥云解说】贱民们这里禁止通行！特朗普模拟器2017试玩！,11144,21,47,15,1492978589
悲叹之怠惰,BV1vs411h7RE,"【游戏驴子】毒舌吐槽<em class=""keyword"">川普</em>游戏【中字/自译】",20721,19,140,14,1484378676
子文閑,BV1as411b7DZ,【扣熊深夜秀】川主席正式上任，美国人民纷纷撤下奥观海的照片,18213,53,151,14,1484982580
BRTV新闻,BV1tx411278B,"美《周六夜现场》将<em class=""keyword"">特朗普</em>送上“人民法庭”",6873,7,11,13,1486993818
苦叶青书Coolyegreen,BV1Gx41127nU,法国第二，美国第一！ America First - France Second,5896,77,89,13,1486898299
苦叶青书Coolyegreen,BV1Gx41127nU,法国第二，美国第一！ America First - France Second,5896,77,89,13,1486898299
悲叹之怠惰,BV1zs41187Kp,"【柯南秀】<em class=""keyword"">川普</em>妻子竟是变性人？<em class=""keyword"">川普</em>与奥巴马通话内容 14【中字/自译】",28321,20,300,12,1486118506
WeYoungMedia,BV1zs411b7as,【街访】Trump获选总统， 美国学生对此怎么看？,11062,89,40,12,1485210002
一般路过点子王,BV1vx411S7wN,【稱念实况】我可能是个假保镖,5875,45,9,12,1491868837
波落菠萝,BV1Hs41187uu,【肥伦今夜秀】肥伦变身特朗普在白宫直播 玩大转盘制定国家政策,4406,17,50,12,1485864195
图图虫,BV1Us411b7dr,"TABS（全面战争模拟器）<em class=""keyword"">川普</em>特辑#1 大美兴，<em class=""keyword"">川普</em>王！",1301,3,5,12,1485348904
江南GS2024,BV12s41187yj,新疆帅哥美女表演魔术，大变活人，震惊全场！,5270,12,18,12,1483717328
波落菠萝,BV1Hs41187uu,【肥伦今夜秀】肥伦变身特朗普在白宫直播 玩大转盘制定国家政策,4406,17,50,12,1485864195
固发小骑士,BV1Ks41187qQ,"老公被抢之小林尊报新闻<em class=""keyword"">川普</em>上任而我要结婚了",6041,26,11,11,1485630127
留学的真相,BV12x411C7qk,"海归熊猫不适应成都生活 听不懂<em class=""keyword"">川普</em>怎么办",3668,9,13,11,1489309128
风油精选,BV1Tx411D7p8,"<em class=""keyword"">川普</em>推特账号大揭秘@风迷精选",1382,5,12,11,1492167360
安琪Aalron,BV1tx411h773,"【TABS全面战争模拟器】大更新！<em class=""keyword"">川普</em>希拉里联手打boss？？（安琪游戏实况）",2177,25,8,10,1497901664
千YE233,BV1xx411k77i,"保护总统---<em class=""keyword"">川普</em>这样做！！连奥巴马都震惊！！！",677,11,4,10,1490413629
于强老师,BV1kx411k7Wd,"深圳卫视直说——<em class=""keyword"">特朗普</em>“被精神病”，只是因为喜欢抢头条",37206,5,7,10,1488547415
伊北歌詞太郎,BV1bs411h7Zw,伊万卡女神大学毕业季的时候,22459,27,194,10,1484438646
菊长解说,BV1js411h74A,【转载】好莱坞女明星梅丽尔·斯特里普在颁奖仪式上公开斥责川普。,19763,18,33,10,1484048620
于强老师,BV1kx411k7Wd,深圳卫视直说——特朗普“被精神病”，只是因为喜欢抢头条,37206,5,7,10,1488547415
伊北歌詞太郎,BV1bs411h7Zw,伊万卡女神大学毕业季的时候,22459,27,194,10,1484438646
菊长解说,BV1js411h74A,【转载】好莱坞女明星梅丽尔·斯特里普在颁奖仪式上公开斥责川普。,19763,18,33,10,1484048620
悲叹之怠惰,BV1px411k7qs,"【柯南秀】<em class=""keyword"">川普</em>的出轨对象竟是它！<em class=""keyword"">川普</em>与奥巴马通话内容 23【中字/自译】",22653,37,288,9,1490500845
悲叹之怠惰,BV1Mx41127kv,"【柯南秀】<em class=""keyword"">川普</em>患有&quot;阶梯恐惧症&quot;？<em class=""keyword"">川普</em>与奥巴马通话内容 17【中字/自译】",19044,12,223,9,1486722418
苦叶青书Coolyegreen,BV1Gx41127jQ,意大利第二，美国第一！Italy Second - Reaction to Trump&#x27;s America First,3019,124,59,9,1486898762
于强老师,BV1Wx411C7Fq,"<em class=""keyword"">特朗普</em>想说的  都在他的手指上---深圳卫视直说---第1季第4集",38015,13,57,9,1489134249
迅雷,BV1gs41187Sv,川普总统首次搭乘空军一号,18972,34,154,9,1485700401
子文閑,BV1zx411Y7jd,【扣熊深夜秀】第一夫人不愿牵小手手,15904,12,81,9,1495806243
サソリ_,BV1Rs411b7Mv,"匿名者给唐纳德·<em class=""keyword"">特朗普</em>总统的信息[中/英字幕]",11021,30,49,9,1485270473
于强老师,BV1Wx411C7Fq,特朗普想说的  都在他的手指上---深圳卫视直说---第1季第4集,38015,13,57,9,1489134249
迅雷,BV1gs41187Sv,川普总统首次搭乘空军一号,18972,34,154,9,1485700401
视界中国CM,BV1Fs411a7wC,这个世界很复杂，而我也不简单,18771,3,58,9,1484896000
子文閑,BV1zx411Y7jd,【扣熊深夜秀】第一夫人不愿牵小手手,15904,12,81,9,1495806243
Benrath,BV1ts41187yS,英国议会众议院对特朗普政策反应,4830,7,47,9,1485981736
Discovery丷,BV1hs41187B8,飞机巨无霸第二季：第三集,4069,27,116,9,1486024255
悲叹之怠惰,BV1js411h7v4,"【柯南秀】<em class=""keyword"">川普</em>要亲自制裁朝鲜！<em class=""keyword"">川普</em>与奥巴马通话内容 11【中字/自译】",39261,23,400,8,1484042866
迪奥·杜安,BV1Rx411r78H,"人类帝皇神之冠军-唐纳德<em class=""keyword"">川普</em>",6258,12,74,8,1489979838
逗比国国王,BV1Jx411y77B,"「中字」爆笑吐槽<em class=""keyword"">川普</em>握手战争！ | Ozzy Man Reviews",5272,3,39,8,1487602412
迪奥·杜安,BV1Sx411C7F1,"年度最佳竞选广告-唐纳德<em class=""keyword"">川普</em>",4115,36,50,8,1489482729
TGA字幕菌,BV1dx41117r3,"Saturday night live (<em class=""keyword"">川普</em>纽约直播）",4086,22,38,8,1486555921
李老斯基阿,BV13s411h7oo,"拯救<em class=""keyword"">川普</em>第二季",596,5,3,8,1483976179
科京同志1,BV1Kx41127YA,"【天文】流星坠，<em class=""keyword"">川普</em>王！各族人民喜迎祥瑞",518,3,3,8,1486696300
波落菠萝,BV1Wx41127Th,"【扣熊深夜秀】<em class=""keyword"">特朗普</em>宝宝的睡前故事",4789,8,66,8,1487060524
于强老师,BV1Qx411Y7rT,于强老师--小鲜肉当道 颜控时代到来---深圳卫视直说--S02E04,17234,14,26,8,1495841506
胖kesong,BV14x411S753,米拉乔沃维奇遇特朗普抗议者，表示尴尬,5412,39,49,8,1491737380
波落菠萝,BV1Wx41127Th,【扣熊深夜秀】特朗普宝宝的睡前故事,4789,8,66,8,1487060524
悲叹之怠惰,BV1Sx411k7bU,"【柯南秀】<em class=""keyword"">川普</em>给奥巴马起了好多昵称！<em class=""keyword"">川普</em>与奥巴马通话内容 20 【中字/自译】",21529,16,252,7,1488621749
一直看着天空变黑,BV18x411274H,"<em class=""keyword"">川普</em>的强势握手集锦（想看他跟印度的莫迪较量一下）",7130,8,44,7,1487002231
原来是花卷啊,BV1Gs411h7ZT,"【休叔抬头纹字幕组】休·劳瑞2017金球奖获奖感言（抖森有出镜）（<em class=""keyword"">川普</em>又被怼）",4636,33,80,7,1483964909
闪匡文化,BV1Tx411U7t5,"<em class=""keyword"">川普</em>女儿想来中国开店卖衣服？会有人买单吗？",2876,3,5,7,1492656387
bili_19769294,BV1Yx411r79A,"表哥炸裂<em class=""keyword"">川普</em>解读世上最毒爱宠狗汤文 三分钟看完《一条狗的使命》",2123,3,9,7,1489720358
全球精彩视频,BV1Fx411a7aU,【才才/手机恐怖游戏】恐怖游戏吓得方言都出来了,1519,17,16,7,1496399344
皮阿鸡Piag,BV1Xx41117KZ,【辛普森一家】辛普森预言了一切！！从GAGA的中场秀到川普当选美国总统,6143,1,31,7,1486638925
EthanNolan,BV1Qs411b7xi,【吉米鸡毛秀】-孩子们怎么看待特朗普当选总统,21427,60,182,7,1485250252
皮阿鸡Piag,BV1Xx41117KZ,【辛普森一家】辛普森预言了一切！！从GAGA的中场秀到川普当选美国总统,6143,1,31,7,1486638925
悲叹之怠惰,BV1ps41187UE,"【柯南秀】<em class=""keyword"">川普</em>谈推特治国！<em class=""keyword"">川普</em>与奥巴马通话内容 13【中字/自译】",28837,13,323,6,1485755197
悲叹之怠惰,BV1ix411r77d,"【柯南秀】<em class=""keyword"">川普</em>要和奥巴马拍电影！<em class=""keyword"">川普</em>与奥巴马通话内容 22【中字/自译】",20653,5,231,6,1489746048
阿蟹阿虾,BV12s411b7LD,"<em class=""keyword"">川普</em>当选后的各界反应",3463,3,5,6,1485328584
捡单词,BV1fs411h7b1,"<em class=""keyword"">川普</em>搞事情，一分钟学会总统就职inauguration",2104,5,32,6,1484902818
为你所问,BV1Vs411Y76e,"社会实验：伯尼与<em class=""keyword"">川普</em> 谁的支持者更具有挑衅性@Nhzy字幕组",1561,11,11,6,1483255083
蛋疼渣,BV1Yx41117e1,"爱画画的美国总统<em class=""keyword"">川普</em>",1156,19,15,6,1486394122
夜神落,BV1Xx411D7jP,"自动烧<em class=""keyword"">川普</em>推特的机器人",236,2,2,6,1490893760
Ve先生的小伙伴,BV1Fs411a7b3,"马云讲述与美国总统<em class=""keyword"">特朗普</em>的关系，马总的面子真大！",6971,2,15,6,1484918137
吾乃呆呆,BV19x411Q7PU,"<em class=""keyword"">川普</em>外孙女阿拉贝拉，2017年新唱的《新年好》，萌萌哒(๑• . •๑)",5692,9,17,5,1491614251
波落菠萝,BV1fx411D7pU,"【彪马实时秀】<em class=""keyword"">川普</em>是个大骗子",3762,11,36,5,1490821590
为你所问,BV1Vs411Y7Un,"恶作剧：一场失败的恶作剧整蛊<em class=""keyword"">川普</em>反对者",3101,6,11,5,1483250381
图吧小白,BV1os411b7aE,"把<em class=""keyword"">川普</em>演讲的视频换成拉手提琴",1700,7,20,5,1485447773
lawyerlulu字幕组,BV1Ks41187vJ,"【唇读恶搞】<em class=""keyword"">川普</em>与奥巴马的恩恩怨怨@lawyerlulu字幕组",1667,13,29,5,1485434756
EthanNolan,BV11x411y7mA,Casey Neistat-去华盛顿看特朗普part1/2！,982,6,19,5,1487855434
Elijahzy,BV1Rx41167wE,"权力的游戏之<em class=""keyword"">川普</em>将至 Winter is Trumping",925,7,14,5,1498654767
aZLRa,BV1is411b71D,"这个游戏，<em class=""keyword"">川普</em>玩了沉默，马化腾看了流泪！",784,0,4,5,1485171733
于强老师,BV18x411r7Hc,"<em class=""keyword"">特朗普</em>style：凡走过，必从天而降，留下名字---深圳卫视直说---S01E05",24625,4,7,5,1489804850
表哥2017,BV12s41187dM,"<em class=""keyword"">特朗普</em>“拆台” 奥巴马“挖坑” 美国总统交接好乱",16588,5,17,5,1483711314
子文閑,BV1Ys41187yW,【扣熊深夜秀】【囧扣大法好】囧叔回归深夜秀！,6406,6,65,5,1485923245
子文閑,BV1es41187cu,"WWE 名人堂2013年美国未来总统唐纳德.<em class=""keyword"">特朗普</em>引荐视频",6010,2,37,5,1485917116
于强老师,BV18x411r7Hc,特朗普style：凡走过，必从天而降，留下名字---深圳卫视直说---S01E05,24625,4,7,5,1489804850
表哥2017,BV12s41187dM,特朗普“拆台” 奥巴马“挖坑” 美国总统交接好乱,16588,5,17,5,1483711314
子文閑,BV1Ys41187yW,【扣熊深夜秀】【囧扣大法好】囧叔回归深夜秀！,6406,6,65,5,1485923245
子文閑,BV1es41187cu,WWE 名人堂2013年美国未来总统唐纳德.特朗普引荐视频,6010,2,37,5,1485917116
吾乃呆呆,BV19x411Q7PU,川普外孙女阿拉贝拉，2017年新唱的《新年好》，萌萌哒(๑• . •๑),5692,9,17,5,1491614251
波落菠萝,BV1ms41187em,"【詹姆斯柯登深夜秀】詹小胖细数<em class=""keyword"">川普</em>得罪过的人",7772,20,83,4,1483705157
Phosphorescent,BV1Vx411C71w,"【YouTube】金钱背后的秘密-Hidden.Secrets.Of.Money EP7 <em class=""keyword"">川普</em>经济危机【生肉】",7225,273,358,4,1488967471
door教,BV1tx41117Xo,"恶搞<em class=""keyword"">川普</em>：不谈黄金浴，只谈工作",6570,8,36,4,1486203066
胡椒视频,BV1Bx411y7Z1,恶搞迷你特朗普，就职典礼上还P了真爱普京和黄金斗士Ceelo,2651,4,14,4,1487750599
莫呼洛迦,BV1fs411b7Rx,"<em class=""keyword"">川普</em>正式宣佈開建長城 vs. 墨西哥總統的回應會是？ (中文字幕)",2343,16,14,4,1485505288
解high人昕昕,BV1sx411v77y,"新晋成员~~<em class=""keyword"">川普</em>橘白化",1070,2,0,4,1495027172
大艺术家马地斯,BV1ix411U7bP,"精分！ 魔障！ 重庆<em class=""keyword"">川普</em>教学视频 神经病人的《自说自画》",1039,5,6,4,1493112695
帽子迪奥,BV1ps41187rx,我一定当上了假总统,921,10,11,4,1485762752
兔美酱小妹妹,BV1as411b7nQ,【兔美酱】终极秋冬natural妆感&gt;3&lt;附赠豆沙大合集!!,648,2,9,4,1484952489
樱桃老FAN子,BV13x411v71x,"【你问我答#5】PART2 |对待逝去的友谊|向往城市|打理家居|家人和工作|美国人对<em class=""keyword"">川普</em>的看法",602,14,8,4,1494872899
图图虫,BV1yx41117KA,"TABS（全面战争模拟器）<em class=""keyword"">川普</em>特辑#2 完结！希拉里成功逆袭！",546,0,2,4,1486549128
Veneno,BV1Vs411h73E,"SNL-艾力克鲍德温的最好的时刻，<em class=""keyword"">特朗普</em>2016公开演讲",9635,5,70,4,1484020106
toonslacker,BV1ks411h71x,"[搞笑] <em class=""keyword"">川普</em>模仿秀 <em class=""keyword"">川普</em>vs伯尼 总统辩论",7684,9,48,3,1484488753
阿菸Y,BV19x411C7MP,"【20170313】SWIN告白季 狂飙<em class=""keyword"">川普</em>的小可爱何屹繁",2693,14,61,3,1489544513
橘丙儿,BV1zx41127A5,"<em class=""keyword"">川普</em>VS希拉里之Rap battle",2484,2,10,3,1487131617
安琪Aalron,BV1Gx411k7Yh,"【总统保镖模拟器】隐藏关卡？？和<em class=""keyword"">川普</em>打WWE你见过吗？（安琪游戏实况）",2421,25,8,3,1490384249
122238,BV1yx411e7Td,"【瑞克和莫蒂】Rick and Morty 恶搞采访<em class=""keyword"">川普</em>",1982,2,17,3,1494579366
为你所问,BV1Ss41187eK,"吉米秀:百老汇音乐剧遭<em class=""keyword"">川普</em>推特点名批评@Nhzy字幕组",1512,3,11,3,1483771956
Victor555666,BV1Ts41187kU,"【atsf】如何使用<em class=""keyword"">川普</em>坐骑：密苏里（生）",1433,4,12,3,1485615718
少佐么么哒,BV1ys41187nC,"囧司徒预测<em class=""keyword"">川普</em>下一项政策 02022017",1166,15,7,3,1486091099
Nine_Muses,BV1Fx411Q7jc,【全程高能】特朗普的20种正确的PS用法,866,13,7,3,1490801746
ztorpshark,BV1as411b7aM,"卢克他爹达斯·维达也变成话痨了，而且其实是<em class=""keyword"">川普</em>",656,1,9,3,1484935180
轻浮怪少,BV17x41117aw,"黑道圣徒四，第一期，被抓走的<em class=""keyword"">川普</em>",569,4,1,3,1488281478
CH3_甲基,BV18x41117iX,"【搬运】让<em class=""keyword"">川普</em>告诉你世界上最好用的魔方来自哪里How to Make the Worst Rubik&#x27;s Cube Ever",414,5,11,3,1486379000
阿土0,BV1ws411a7Tb,"Watch The Trumps Not Be Able To Multiply 17 By 6，观<em class=""keyword"">川普</em>家族不能17乘以6 电视节目",377,1,3,3,1484922781
菲兹全自动,BV13x411k7em,"全面战争模拟器；20个<em class=""keyword"">川普</em>vs20个<em class=""keyword"">川普</em>",332,2,0,3,1490359207
吃草的昆,BV1es411b7Qv,"全面战争之2个<em class=""keyword"">川普</em>能干啥？（1）",264,3,0,3,1484990614
拐哥,BV1yx411r7fw,【兽娘MAD】阿米利加浮莲子,249,3,3,3,1489847512
茉语,BV1Mx41117oz,奥斯卡曝惊天内幕，美国总统钦定影片是哪部？,180,2,2,3,1488146931
永恒纪元官方,BV16x411k7mt,"震惊！猛兽竟对美女做出这种事！<em class=""keyword"">川普</em>看了都气愤！",122,34,0,3,1488515407
文波哥来了,BV1cx411k7u4,"<em class=""keyword"">特朗普</em>被WWE冠军RKO Donald Trump RKO Compilation",5610,10,25,3,1490190101
toonslacker,BV1ks411h71x,[搞笑] 川普模仿秀 川普vs伯尼 总统辩论,7684,9,48,3,1484488753
第一财经,BV16x411S7SP,伊万卡出任总统顾问后首次接受采访：希望能带来积极的影响,5286,1,62,3,1491815365
忠心耿耿汉弗莱,BV1Nx411y7uF,"【熟肉】【柯南秀】<em class=""keyword"">川普</em>电话奥巴马，祝黑人历史月快乐",7206,3,90,2,1487245347
蓝黄蓝黄,BV1Vx411D7sR,唐纳德.特朗普的冷开场,4265,2,23,2,1492338474
petoor超级大菠萝,BV1Dx411y7fb,《Mr. President! 拯救总统！》震惊！无良保镖居然殴打总统！,2592,8,20,2,1488045736
百年之后的多年以后,BV1ux411D74v,"Standup不是脫口秀：移民者也支持<em class=""keyword"">川普</em> - Maz Jobrani - YouTube",2205,0,20,2,1492167183
布法罗鸡翅,BV1Fx41127XS,"【Teens React】美国青少年观看搞笑短片《荷兰以<em class=""keyword"">川普</em>Style自我介绍来欢迎<em class=""keyword"">川普</em>上任》",2169,9,15,2,1486744411
鱼饼喵,BV1ux411h7Py,【嗷嗷解说】剑灵 建元三本之南天圣地,1878,19,14,2,1497611733
安琪Aalron,BV1rx411e7VZ,"【总统保镖模拟器】<em class=""keyword"">川普</em>擂台飞冲肩撞飞10M巨人！？（安琪游戏实况）",1865,18,6,2,1494517378
-霜语者-,BV1Bx411S75k,印第安纳琼斯5：橘子神的诅咒(2017)预告片【伪,1359,6,8,2,1491780179
大世界基尼斯,BV11s411b7iD,"以<em class=""keyword"">川普</em>命名蛾子、毛毛虫，只因为长得像！",1065,1,5,2,1485158305
pp肥pp,BV1vs41187SM,"为何<em class=""keyword"">川普</em>会是个可怕的总统(中文字幕)",803,23,5,2,1485952215
YouTube官方视频,BV1Ns41187oA,"<em class=""keyword"">川普</em>和奥巴马的差别在这",767,1,2,2,1485440969
导演大岛渚,BV1qx41117T5,"<em class=""keyword"">川普</em>财富背后的真正故事(中文字幕)",735,2,16,2,1486312489
柳尚人,BV1Wx411k7jy,"恶搞<em class=""keyword"">川普</em>创意讽刺短片《看了一支假广告》",709,3,8,2,1490411823
Woliezi,BV1js41187RT,"【中文字幕】【PDR】<em class=""keyword"">川普</em>还是板东英二 (问答环节EX)",445,4,5,2,1485815778
爱范儿,BV1vx411r7u3,【范团视频】TechU：这些强大的机器人，搞不好会把你挤下岗,308,2,4,2,1489737164
藍莓豆花,BV1yx41187AV,"美國總統<em class=""keyword"">川普</em>退出巴黎協議就像…? ｜英國插畫家把當今病態社會畫出來｜大家有反思嗎｜藍莓豆花 Blueberry Tofa",259,0,6,2,1497434604
焚影圣决天下第一,BV1sx411a7Vy,【剑三】没有粗口的相声竞技场,221,0,4,2,1496767208
迪奥·杜安,BV1qx411r7B3,"<em class=""keyword"">川普</em>的2016",189,2,2,2,1489757966
韦特K,BV1zx41127JN,"【总统先生】<em class=""keyword"">川普</em>之死，我就是喜欢玩<em class=""keyword"">川普</em>",142,0,2,2,1487158193
zhouboyu,BV1Ux411Y79m,名人学徒 第八季 The Celebrity Apprentice低清晰度省流量版（全季原话1.56GB流量）熟肉,4820,12,69,1,1495931358
耀眼Video,BV1rs411b7p7,"<em class=""keyword"">川普</em>在好莱坞的公寓，甩白宫整条街",2357,0,14,1,1485098448
lady66,BV1xx411Q7tk,【辛普森一家】对未来的10大预测最新版（2017）--10 Times The Simpsons Predicted The Future,1786,3,5,1,1491262672
KyleQu,BV1gx411U7rh,"鸡毛秀恶搞<em class=""keyword"">川普</em>复活节活动：讨厌小孩、讨厌当总统",1759,2,8,1,1492696940
某人叫X,BV14x41167hv,"【迈阿密警局VLOG】骑警护送总统<em class=""keyword"">川普</em>Motor Unit Escorts President Trump",1215,1,12,1,1498377908
子羽兄,BV1cs411h7Wx,愿得一总统，任期不作妖,956,0,21,1,1483956704
小升初七,BV1kx411Y7Z5,"大美利坚<em class=""keyword"">川普</em>总统来教大家学英语啦",940,9,9,1,1495720604
参宿四,BV1ex411y7Ao,【SNL42季】囧奶奶想当川主席,883,0,5,1,1487825411
EnterpriseL,BV1Dx41117ep,"【语言分析】<em class=""keyword"">川普</em>是如何回答问题的？（英文字幕）",648,2,33,1,1486630096
找靓机UP,BV1ux411Q7AR,"<em class=""keyword"">川普</em>座驾和奥巴马座驾相比，谁更豪？",638,0,3,1,1490960014
Lasombra637,BV18x411y7DR,"【油管搬运】他曾成功預言<em class=""keyword"">川普</em>當選，今天再爆10個「2017恐怖預言」",529,2,5,1,1487754357
smilingfishx,BV1Zx411y7aU,"Keith Olbermann详解特朗普将怎样“人道地”驱逐1,100万人",505,1,2,1,1488013617
Nami奈美,BV11x411C7Uq,"【Sawatsuki字幕】Byplayers小动画——<em class=""keyword"">川普</em>总统",454,2,5,1,1489297370
今天也要鼓盆而歌,BV11x411S7iD,"【GIRLS】哪吒头Lena答粉丝问 比鱿鱼干还干的干货访谈 分析四只会投给<em class=""keyword"">川普</em>还是希拉里2333",431,2,15,1,1492004992
DEV第一位,BV19x411e7sK,"【DEV】【我好像看见了<em class=""keyword"">川普</em>】Sniper Elite 4 狙击精英4 #4",323,0,2,1,1494666899
Heyiriel,BV1Zx411y7RH,"【jake paul】我把唐纳德<em class=""keyword"">川普</em>的房子卖了！（恶作剧）",317,1,2,1,1488027871
Float987,BV1ms411b7Qm,【应景】几个创造历史的平凡女性-2017世界女性大游行的发起者,295,0,9,1,1485338209
宅男不追剧,BV1Ss41187Q3,普希恋,47,1,0,1,1483768478
NMC_SD,BV1xs411Y7CE,[NMC字幕组]川普总统上任记EP05-BLACKOUT中英字幕,5883,11,58,1,1483454397
NMC_SD,BV1xs411Y7CE,[NMC字幕组]川普总统上任记EP05-BLACKOUT中英字幕,5883,11,58,1,1483454397
账号已注销,BV1Ts411Y7Za,【政治艾美奖】新年伊始，我们给特朗普、朴槿惠颁了个奖~,24789,691,296,0,1483337214
欧德罗,BV1Zs411h7a6,"进来看看<em class=""keyword"">川普</em>是不是戴假发了",2003,2,1,0,1484887434
海外先驱报,BV1bx411C7Tu,"【戈登深夜秀】第一期-全世界都在为<em class=""keyword"">川普</em>鼓掌！ @鸡姆一周见",1926,13,14,0,1489055347
7-Uplover,BV1Ps411h7qA,"唐纳德·<em class=""keyword"">川普</em>的两个儿子的冰桶挑战（空间有<em class=""keyword"">川普</em>本人的冰桶挑战）",1862,4,5,0,1483807129
BroDao,BV1dx41127Zn,保护美国总统（Rump 朗普）免遭刺杀游戏 Bodyguard Sim The Game - Mr. President,1082,0,2,0,1493705427
风格Notes,BV1kx411D7He,Hillary&#x27;s Style Stamina｜希拉里式的穿衣风格（中美关系止于B站系列,895,6,9,0,1490717024
sillything330,BV1Vs411h792,"別讓身體不開心 20170109 越油越瘦有影嘸?! <em class=""keyword"">川普</em>也喝的防彈咖啡減肥法!?",791,6,16,0,1484005803
AK英语老师,BV1Ls411h7DL,"想看Meryl Streep在颁奖词里如何吐槽<em class=""keyword"">川普</em>吗？来看看Meryl Streep Speech The Golden",749,1,9,0,1484056519
受_逸匪浅,BV1Fx411e7C8,"奥巴马与<em class=""keyword"">川普</em>的日常之：客服",659,0,2,0,1495943440
Ritchie里奇,BV1bs411877h,"【Ritchie】<em class=""keyword"">川普</em>先生让我来拯救你—总统先生初体验",561,0,3,0,1485965380
基咕菌,BV19x41117rd,"如何黑进<em class=""keyword"">川普</em>的智能手机",552,11,5,0,1486693921
conelrad,BV1ex411y7Vf,"墨西哥版<em class=""keyword"">川普</em> Donaldo Trumpez 接受采访",476,1,5,0,1487820018
肉肉的肉子君,BV1Bx411y7mt,"<em class=""keyword"">川普</em>漫画",372,0,0,0,1487745367
苏彦铭是天才,BV18x411r7gU,"【小苏】Mr.prez 总统先生 你见过这么鬼畜的<em class=""keyword"">川普</em>吗",360,1,2,0,1489803557
来上网了1,BV1Cs41187ZV,If Celebrities Had Children in The Sims 4- Donald Trump and Hillary Clinton,336,2,0,0,1486043521
大头鱼BF,BV1Fx411a7xY,"<em class=""keyword"">川普</em>失眠写了covfefe，你失眠只能“烤狒狒”",301,1,0,0,1496399020
蠢蠢欲动的学渣,BV1sx411C7Kf,"【胡椒电影：影视趣资讯】02 国产片惧《金刚狼3》只得延迟发布会，面对美国媒体<em class=""keyword"">川普</em>这次笑了",301,12,1,0,1488994944
酷斯特玩车,BV1Mx41117qP,"【 wuwu小火车】<em class=""keyword"">川普</em>卖车！明珠造车！快来看最新车闻",217,0,0,0,1488117289
虎式单兵,BV16x411r7ku,"《克林顿与<em class=""keyword"">川普</em>的爱情实况》第一期 法国强无敌",158,0,0,0,1489910210
步入超然,BV12x411a7Mo,"剑网三  ——   一个黄鸡的<em class=""keyword"">川普</em>jjc！",153,0,0,0,1497012670
步入超然,BV12x411a7gZ,"【剑网三/<em class=""keyword"">川普</em>鸡的jjc】<em class=""keyword"">川普</em>鸡的竞技场！",125,0,0,0,1497008801
亦播客,BV1xx411y7pT,"热门视频合集：<em class=""keyword"">川普</em>头像引爆嘉年华、央视飚假车、高手在民间",119,0,0,0,1487562884
一筒视频,BV1Sx411h7GK,"<em class=""keyword"">川普</em> 张飞玩套路拐走刘、关妻",15,0,0,0,1498032393
观察者网,BV1Nx411v74v,"等习大大时弹了《莫斯科之窗》，等<em class=""keyword"">特朗普</em>时要弹啥？",120458,372,864,0,1494926866
账号已注销,BV1px411r7eF,【世界上最富有的国王访华】沙特萨勒曼国王亚洲游，不知美国怎么想,153614,167,568,0,1489674492
账号已注销,BV1Ts411Y7Za,【政治艾美奖】新年伊始，我们给特朗普、朴槿惠颁了个奖~,24789,691,296,0,1483337214
